date,participant,respmap,trial,block,trialID,walkSpeed,targOnset,clickOnset,reactionTime,intensity,signalPresent,targResponse,correctResponse
2026-03-11,10672,L:Present R:absent,0,0,0,0,2.218881,2.600256,0.3813748,1.5,True,1,1
2026-03-11,10672,L:Present R:absent,0,0,0,0,3.252809,3.720714,0.4679046,1.5,True,1,1
2026-03-11,10672,L:Present R:absent,0,0,0,0,4.324985,4.726985,0.4020009,1.5,True,1,1
2026-03-11,10672,L:Present R:absent,0,0,0,0,5.388408,5.789529,0.4011216,1.5,True,1,1
2026-03-11,10672,L:Present R:absent,0,0,0,0,6.523271,6.849168,0.3258972,1.5,True,1,1
2026-03-11,10672,L:Present R:absent,1,0,1,0,2.362555,2.84543,0.4828751,1.5,False,0,1
2026-03-11,10672,L:Present R:absent,1,0,1,0,3.430121,3.771799,0.3416786,1.5,True,0,0
2026-03-11,10672,L:Present R:absent,1,0,1,0,4.471694,4.931396,0.4597025,1.5,False,1,0
2026-03-11,10672,L:Present R:absent,1,0,1,0,5.506185,6.289639,0.7834549,1.5,True,1,1
2026-03-11,10672,L:Present R:absent,1,0,1,0,6.566907,7.105727,0.5388198,1.5,False,0,1
2026-03-11,10672,L:Present R:absent,2,0,2,1,2.426657,2.885214,0.4585574,1.5,False,1,0
2026-03-11,10672,L:Present R:absent,2,0,2,1,3.466105,4.099595,0.6334903,0.65,True,1,1
2026-03-11,10672,L:Present R:absent,2,0,2,1,4.526889,5.028627,0.5017376,0.65,True,0,0
2026-03-11,10672,L:Present R:absent,2,0,2,1,5.576607,6.056326,0.4797196,0.7,True,1,1
2026-03-11,10672,L:Present R:absent,2,0,2,1,6.628608,7.189892,0.5612841,0.7,True,0,0
2026-03-11,10672,L:Present R:absent,3,0,3,1,2.203065,2.623743,0.4206774,0.7500001,False,1,0
2026-03-11,10672,L:Present R:absent,3,0,3,1,3.242786,3.71671,0.4739234,0.8000001,False,0,1
2026-03-11,10672,L:Present R:absent,3,0,3,1,5.312722,5.886247,0.5735245,0.8000001,False,1,0
2026-03-11,10672,L:Present R:absent,3,0,3,1,6.521285,7.064967,0.5436816,0.8500001,False,0,1
2026-03-11,10672,L:Present R:absent,4,0,4,1,2.484146,2.939537,0.4553916,0.8500001,True,1,1
2026-03-11,10672,L:Present R:absent,4,0,4,1,3.543457,4.046197,0.5027401,0.8000001,True,1,1
2026-03-11,10672,L:Present R:absent,4,0,4,1,4.590227,5.130598,0.5403709,0.8000001,False,0,1
2026-03-11,10672,L:Present R:absent,4,0,4,1,5.635673,6.111115,0.4754424,0.7500001,True,1,1
2026-03-11,10672,L:Present R:absent,4,0,4,1,6.670874,7.177473,0.5065994,0.7500001,True,1,1
2026-03-11,10672,L:Present R:absent,5,0,5,2,2.48885,2.998828,0.5099776,0.7,False,0,1
2026-03-11,10672,L:Present R:absent,5,0,5,2,3.552879,4.009765,0.4568856,0.6,False,0,1
2026-03-11,10672,L:Present R:absent,5,0,5,2,4.593269,5.02576,0.4324903,0.55,True,0,0
2026-03-11,10672,L:Present R:absent,5,0,5,2,5.624604,6.1316,0.5069957,0.6,False,0,1
2026-03-11,10672,L:Present R:absent,5,0,5,2,6.664463,7.154832,0.4903698,0.6,True,1,1
2026-03-11,10672,L:Present R:absent,6,0,6,2,2.168702,2.61409,0.4453888,0.55,True,1,1
2026-03-11,10672,L:Present R:absent,6,0,6,2,3.20845,3.648923,0.4404726,0.55,True,0,0
2026-03-11,10672,L:Present R:absent,6,0,6,2,4.317806,4.766254,0.4484477,0.6,True,1,1
2026-03-11,10672,L:Present R:absent,6,0,6,2,5.360317,5.778738,0.4184208,0.6,False,1,0
2026-03-11,10672,L:Present R:absent,6,0,6,2,6.496184,6.949249,0.4530654,0.625,False,0,1
2026-03-11,10672,L:Present R:absent,7,0,7,2,2.444152,2.954988,0.5108361,0.625,True,1,1
2026-03-11,10672,L:Present R:absent,7,0,7,2,3.473921,3.833307,0.3593857,0.6,False,1,0
2026-03-11,10672,L:Present R:absent,7,0,7,2,4.524798,5.044845,0.5200467,0.625,False,0,1
2026-03-11,10672,L:Present R:absent,7,0,7,2,5.578251,6.052175,0.4739237,0.625,False,0,1
2026-03-11,10672,L:Present R:absent,7,0,7,2,6.610075,7.037364,0.427289,0.6,False,0,1
2026-03-11,10672,L:Present R:absent,8,0,8,2,1.652675,2.208413,0.5557377,0.6,False,0,1
2026-03-11,10672,L:Present R:absent,8,0,8,2,2.685144,3.212224,0.5270808,0.575,False,0,1
2026-03-11,10672,L:Present R:absent,8,0,8,2,3.707325,4.14381,0.4364853,0.575,True,0,0
2026-03-11,10672,L:Present R:absent,8,0,8,2,4.747416,5.231153,0.483737,0.6,False,0,1
2026-03-11,10672,L:Present R:absent,8,0,8,2,6.046791,6.505725,0.4589338,0.6,False,0,1
2026-03-11,10672,L:Present R:absent,9,0,9,2,2.545956,2.997058,0.451102,0.5875,True,1,1
2026-03-11,10672,L:Present R:absent,9,0,9,2,3.587694,4.038593,0.4508984,0.5875,False,0,1
2026-03-11,10672,L:Present R:absent,9,0,9,2,4.621433,5.180072,0.558639,0.575,True,1,1
2026-03-11,10672,L:Present R:absent,9,0,9,2,5.661364,6.264225,0.6028619,0.575,True,1,1
2026-03-11,10672,L:Present R:absent,9,0,9,2,6.708021,7.216129,0.5081081,0.5625001,False,0,1
2026-03-11,10672,L:Present R:absent,10,0,10,2,1.771539,2.302931,0.5313922,0.5625001,True,1,1
2026-03-11,10672,L:Present R:absent,10,0,10,2,2.812627,3.310141,0.4975145,0.5500001,True,1,1
2026-03-11,10672,L:Present R:absent,10,0,10,2,3.859173,4.306592,0.4474185,0.5500001,True,1,1
2026-03-11,10672,L:Present R:absent,10,0,10,2,4.949342,5.335456,0.3861146,0.5375001,True,0,0
2026-03-11,10672,L:Present R:absent,10,0,10,2,6.289588,6.74436,0.454772,0.5500001,True,0,0
2026-03-11,10672,L:Present R:absent,11,0,11,2,2.367893,2.865597,0.4977043,0.5625001,False,0,1
2026-03-11,10672,L:Present R:absent,11,0,11,2,3.402615,3.912749,0.5101342,0.5625001,True,1,1
2026-03-11,10672,L:Present R:absent,11,0,11,2,4.445588,4.999595,0.5540075,0.5500001,False,0,1
2026-03-11,10672,L:Present R:absent,11,0,11,2,5.492251,6.072216,0.5799646,0.5500001,True,1,1
2026-03-11,10672,L:Present R:absent,11,0,11,2,6.636074,7.063097,0.4270225,0.5375001,True,1,1
2026-03-11,10672,L:Present R:absent,12,0,12,2,3.045963,3.435847,0.3898835,0.5375001,True,0,0
2026-03-11,10672,L:Present R:absent,12,0,12,2,4.073554,4.681759,0.6082048,0.5500001,False,0,1
2026-03-11,10672,L:Present R:absent,12,0,12,2,5.12207,5.731841,0.6097703,0.5500001,False,0,1
2026-03-11,10672,L:Present R:absent,12,0,12,2,6.458692,6.933253,0.4745612,0.5390001,True,1,1
2026-03-11,10672,L:Present R:absent,13,0,13,2,1.748012,2.357418,0.6094054,0.5390001,False,0,1
2026-03-11,10672,L:Present R:absent,13,0,13,2,2.80715,3.325521,0.5183716,0.5280001,False,0,1
2026-03-11,10672,L:Present R:absent,13,0,13,2,3.881431,4.642525,0.7610946,0.5280001,False,0,1
2026-03-11,10672,L:Present R:absent,13,0,13,2,4.926882,5.498533,0.571651,0.5170001,False,0,1
2026-03-11,10672,L:Present R:absent,13,0,13,2,6.037897,6.58717,0.5492725,0.5170001,True,1,1
2026-03-11,10672,L:Present R:absent,14,0,14,2,2.41273,2.914823,0.5020931,0.5060002,False,0,1
2026-03-11,10672,L:Present R:absent,14,0,14,2,3.455635,4.076933,0.6212981,0.5060002,False,0,1
2026-03-11,10672,L:Present R:absent,14,0,14,2,4.512585,5.106361,0.5937757,0.4950002,True,1,1
2026-03-11,10672,L:Present R:absent,14,0,14,2,5.560427,6.158508,0.5980806,0.4950002,False,0,1
2026-03-11,10672,L:Present R:absent,14,0,14,2,6.792299,7.271578,0.479279,0.4840001,True,1,1
2026-03-11,10672,L:Present R:absent,15,0,15,2,1.649752,2.175798,0.526046,0.4840001,True,1,1
2026-03-11,10672,L:Present R:absent,15,0,15,2,2.677548,3.385962,0.7084131,0.4730001,False,0,1
2026-03-11,10672,L:Present R:absent,15,0,15,2,3.720554,4.234958,0.5144043,0.4730001,True,1,1
2026-03-11,10672,L:Present R:absent,15,0,15,2,4.767483,5.219485,0.4520016,0.4620001,False,1,0
2026-03-11,10672,L:Present R:absent,15,0,15,2,5.982588,6.438041,0.4554529,0.4730001,False,0,1
2026-03-11,10672,L:Present R:absent,16,0,16,2,2.286288,2.821018,0.5347302,0.4730001,True,1,1
2026-03-11,10672,L:Present R:absent,16,0,16,2,3.327358,3.955096,0.6277375,0.4620001,True,1,1
2026-03-11,10672,L:Present R:absent,16,0,16,2,4.360437,4.816398,0.4559608,0.4620001,False,0,1
2026-03-11,10672,L:Present R:absent,16,0,16,2,5.39996,5.96777,0.5678096,0.4510001,True,1,1
2026-03-11,10672,L:Present R:absent,16,0,16,2,6.435758,6.962343,0.5265846,0.4510001,True,1,1
2026-03-11,10672,L:Present R:absent,17,0,17,2,2.558744,3.081666,0.5229213,0.4400001,True,0,0
2026-03-11,10672,L:Present R:absent,17,0,17,2,3.601467,4.101696,0.5002286,0.4510001,True,1,1
2026-03-11,10672,L:Present R:absent,17,0,17,2,4.651023,5.198488,0.5474648,0.4510001,True,1,1
2026-03-11,10672,L:Present R:absent,17,0,17,2,5.709821,6.216618,0.5067968,0.4400001,True,1,1
2026-03-11,10672,L:Present R:absent,17,0,17,2,6.756952,7.191315,0.4343634,0.4400001,True,1,1
2026-03-11,10672,L:Present R:absent,18,0,18,2,2.61483,3.184052,0.5692215,0.4290001,True,1,1
2026-03-11,10672,L:Present R:absent,18,0,18,2,3.66147,4.164495,0.5030255,0.4290001,False,0,1
2026-03-11,10672,L:Present R:absent,18,0,18,2,4.712939,5.250035,0.537096,0.4180001,False,0,1
2026-03-11,10672,L:Present R:absent,18,0,18,2,5.771873,6.285908,0.5140352,0.4180001,False,0,1
2026-03-11,10672,L:Present R:absent,19,0,19,2,1.748747,2.195722,0.4469745,0.4070001,True,0,0
2026-03-11,10672,L:Present R:absent,19,0,19,2,2.784393,3.40508,0.6206877,0.4180001,False,0,1
2026-03-11,10672,L:Present R:absent,19,0,19,2,3.818252,4.345359,0.527107,0.4180001,True,1,1
2026-03-11,10672,L:Present R:absent,19,0,19,2,5.929806,6.491344,0.5615377,0.4070001,False,0,1
2026-03-11,10672,L:Present R:absent,20,1,0,1,2.880865,3.416008,0.5351429,0.4070001,False,0,1
2026-03-11,10672,L:Present R:absent,20,1,0,1,3.943107,4.569029,0.6259215,0.7,False,0,1
2026-03-11,10672,L:Present R:absent,20,1,0,1,4.994478,5.511636,0.517158,0.65,False,0,1
2026-03-11,10672,L:Present R:absent,20,1,0,1,6.026476,6.531584,0.5051079,0.65,True,1,1
2026-03-11,10672,L:Present R:absent,21,1,1,1,2.879041,3.434181,0.5551405,0.6,False,0,1
2026-03-11,10672,L:Present R:absent,21,1,1,1,3.92991,4.490127,0.5602169,0.6,True,1,1
2026-03-11,10672,L:Present R:absent,21,1,1,1,6.035131,6.671815,0.6366844,0.55,True,1,1
2026-03-11,10672,L:Present R:absent,22,1,2,1,1.776408,2.49658,0.7201717,0.55,False,0,1
2026-03-11,10672,L:Present R:absent,22,1,2,1,2.830782,3.487742,0.6569595,0.5,False,0,1
2026-03-11,10672,L:Present R:absent,22,1,2,1,3.860172,4.502894,0.6427217,0.5,False,0,1
2026-03-11,10672,L:Present R:absent,22,1,2,1,4.903354,5.412859,0.5095053,0.45,True,1,1
2026-03-11,10672,L:Present R:absent,22,1,2,1,5.945724,6.477553,0.5318289,0.45,False,0,1
2026-03-11,10672,L:Present R:absent,23,1,3,1,2.443836,2.965042,0.5212061,0.4,False,0,1
2026-03-11,10672,L:Present R:absent,23,1,3,1,3.492902,3.98259,0.4896882,0.4,False,0,1
2026-03-11,10672,L:Present R:absent,23,1,3,1,4.526485,5.053114,0.5266285,0.35,False,0,1
2026-03-11,10672,L:Present R:absent,23,1,3,1,5.58672,6.127262,0.5405412,0.35,True,1,1
2026-03-11,10672,L:Present R:absent,23,1,3,1,6.644569,7.240167,0.5955973,0.3,True,1,1
2026-03-11,10672,L:Present R:absent,24,1,4,1,2.048821,2.524681,0.4758592,0.3,False,0,1
2026-03-11,10672,L:Present R:absent,24,1,4,1,3.09019,3.629707,0.5395174,0.25,True,1,1
2026-03-11,10672,L:Present R:absent,24,1,4,1,4.129712,4.601587,0.4718752,0.25,True,1,1
2026-03-11,10672,L:Present R:absent,24,1,4,1,5.154305,5.602069,0.4477649,0.2,False,0,1
2026-03-11,10672,L:Present R:absent,24,1,4,1,6.196765,6.802979,0.6062136,0.2,True,0,0
2026-03-11,10672,L:Present R:absent,25,1,5,1,1.874391,2.367395,0.4930042,0.25,False,0,1
2026-03-11,10672,L:Present R:absent,25,1,5,1,3.963248,4.357681,0.3944325,0.25,False,0,1
2026-03-11,10672,L:Present R:absent,25,1,5,1,5.031816,5.668685,0.6368685,0.2,True,1,1
2026-03-11,10672,L:Present R:absent,25,1,5,1,6.245016,6.862089,0.6170726,0.2,False,0,1
2026-03-11,10672,L:Present R:absent,26,1,6,1,1.883178,2.462086,0.5789081,0.175,False,0,1
2026-03-11,10672,L:Present R:absent,26,1,6,1,2.932961,3.609701,0.6767404,0.175,True,0,0
2026-03-11,10672,L:Present R:absent,26,1,6,1,3.979563,4.623984,0.6444204,0.2,False,0,1
2026-03-11,10672,L:Present R:absent,26,1,6,1,5.030498,5.533499,0.5030012,0.2,False,0,1
2026-03-11,10672,L:Present R:absent,26,1,6,1,6.077019,6.58429,0.5072713,0.175,True,0,0
2026-03-11,10672,L:Present R:absent,27,1,7,1,2.155995,2.8718,0.7158058,0.2,True,1,1
2026-03-11,10672,L:Present R:absent,27,1,7,1,3.198405,3.853559,0.655154,0.2,True,1,1
2026-03-11,10672,L:Present R:absent,27,1,7,1,4.253797,4.768588,0.5147915,0.175,True,0,0
2026-03-11,10672,L:Present R:absent,27,1,7,1,5.296615,5.895913,0.5992975,0.1875,True,1,1
2026-03-11,10672,L:Present R:absent,27,1,7,1,6.574778,7.338633,0.763855,0.1875,True,1,1
2026-03-11,10672,L:Present R:absent,28,1,8,1,1.823379,2.525142,0.7017627,0.175,True,1,1
2026-03-11,10672,L:Present R:absent,28,1,8,1,2.881143,3.484543,0.6033998,0.175,False,0,1
2026-03-11,10672,L:Present R:absent,28,1,8,1,3.918449,4.536604,0.6181552,0.1624999,False,0,1
2026-03-11,10672,L:Present R:absent,28,1,8,1,4.963075,5.596035,0.6329598,0.1624999,True,1,1
2026-03-11,10672,L:Present R:absent,28,1,8,1,6.124641,6.640285,0.5156441,0.1499999,True,0,0
2026-03-11,10672,L:Present R:absent,29,1,9,1,2.733615,3.355913,0.6222985,0.1624999,False,0,1
2026-03-11,10672,L:Present R:absent,29,1,9,1,3.777245,4.276117,0.498872,0.1624999,True,0,0
2026-03-11,10672,L:Present R:absent,29,1,9,1,4.813172,5.411411,0.5982389,0.175,True,1,1
2026-03-11,10672,L:Present R:absent,29,1,9,1,5.848782,6.348209,0.4994268,0.175,True,1,1
2026-03-11,10672,L:Present R:absent,29,1,9,1,6.897752,7.348292,0.4505401,0.1624999,False,0,1
2026-03-11,10672,L:Present R:absent,30,1,10,1,2.554174,3.045851,0.491677,0.1624999,True,0,0
2026-03-11,10672,L:Present R:absent,30,1,10,1,3.595743,4.155606,0.5598629,0.1734999,False,0,1
2026-03-11,10672,L:Present R:absent,30,1,10,1,4.643653,5.12468,0.4810262,0.1734999,False,0,1
2026-03-11,10672,L:Present R:absent,30,1,10,1,5.691431,6.15613,0.4646997,0.1624999,True,1,1
2026-03-11,10672,L:Present R:absent,30,1,10,1,6.734792,7.225992,0.4911995,0.1624999,True,0,0
2026-03-11,10672,L:Present R:absent,31,1,11,1,1.888075,2.425992,0.537917,0.1734999,False,0,1
2026-03-11,10672,L:Present R:absent,31,1,11,1,2.911644,3.44088,0.5292368,0.1734999,False,0,1
2026-03-11,10672,L:Present R:absent,31,1,11,1,3.958598,4.48526,0.5266619,0.1624999,False,0,1
2026-03-11,10672,L:Present R:absent,31,1,11,1,4.998133,5.52205,0.5239167,0.1624999,True,1,1
2026-03-11,10672,L:Present R:absent,31,1,11,1,6.0667,6.58088,0.5141797,0.1514999,False,0,1
2026-03-11,10672,L:Present R:absent,32,1,12,1,2.344374,2.857202,0.5128272,0.1514999,True,0,0
2026-03-11,10672,L:Present R:absent,32,1,12,1,3.385737,3.97606,0.590323,0.1624999,False,0,1
2026-03-11,10672,L:Present R:absent,32,1,12,1,4.430047,5.061917,0.6318703,0.1624999,False,0,1
2026-03-11,10672,L:Present R:absent,32,1,12,1,5.482163,6.100308,0.6181455,0.1514999,False,0,1
2026-03-11,10672,L:Present R:absent,32,1,12,1,6.537553,7.097377,0.559824,0.1514999,False,0,1
2026-03-11,10672,L:Present R:absent,33,1,13,1,2.250387,2.975089,0.7247021,0.1404999,False,0,1
2026-03-11,10672,L:Present R:absent,33,1,13,1,3.298265,4.080173,0.7819071,0.1404999,True,0,0
2026-03-11,10672,L:Present R:absent,33,1,13,1,4.341179,4.928395,0.5872164,0.1514999,False,0,1
2026-03-11,10672,L:Present R:absent,33,1,13,1,5.390769,5.949654,0.5588846,0.1514999,False,0,1
2026-03-11,10672,L:Present R:absent,33,1,13,1,6.425264,6.933496,0.5082316,0.1404999,False,0,1
2026-03-11,10672,L:Present R:absent,34,1,14,1,1.672097,2.34941,0.6773129,0.1404999,False,0,1
2026-03-11,10672,L:Present R:absent,34,1,14,1,2.710647,3.306465,0.595818,0.1294999,False,0,1
2026-03-11,10672,L:Present R:absent,34,1,14,1,3.764002,4.387751,0.623749,0.1294999,False,0,1
2026-03-11,10672,L:Present R:absent,34,1,14,1,4.857752,5.386847,0.5290956,0.1184999,True,0,0
2026-03-11,10672,L:Present R:absent,34,1,14,1,6.193452,7.061182,0.8677297,0.1294999,True,0,0
2026-03-11,10672,L:Present R:absent,35,1,15,1,2.393608,2.924186,0.5305789,0.1404999,True,0,0
2026-03-11,10672,L:Present R:absent,35,1,15,1,3.439306,4.001544,0.5622382,0.1514999,False,0,1
2026-03-11,10672,L:Present R:absent,35,1,15,1,4.491154,5.366549,0.8753958,0.1514999,True,1,1
2026-03-11,10672,L:Present R:absent,35,1,15,1,5.541149,5.565384,0.02423525,0.1404999,True,1,1
2026-03-11,10672,L:Present R:absent,35,1,15,1,6.60324,7.117579,0.514338,0.1404999,True,0,0
2026-03-11,10672,L:Present R:absent,36,1,16,1,2.208756,2.949463,0.7407067,0.1514999,True,1,1
2026-03-11,10672,L:Present R:absent,36,1,16,1,3.251209,3.825456,0.5742474,0.1514999,True,1,1
2026-03-11,10672,L:Present R:absent,36,1,16,1,4.279214,4.867069,0.5878544,0.1404999,True,1,1
2026-03-11,10672,L:Present R:absent,36,1,16,1,5.316723,5.894161,0.5774379,0.1404999,False,0,1
2026-03-11,10672,L:Present R:absent,37,1,17,1,2.636595,3.29644,0.6598444,0.1294999,True,0,0
2026-03-11,10672,L:Present R:absent,37,1,17,1,3.67318,4.330993,0.6578126,0.1404999,False,0,1
2026-03-11,10672,L:Present R:absent,37,1,17,1,4.719265,5.291452,0.5721874,0.1404999,False,0,1
2026-03-11,10672,L:Present R:absent,37,1,17,1,5.766288,6.423145,0.656857,0.1294999,True,0,0
2026-03-11,10672,L:Present R:absent,38,1,18,1,3.065219,3.797482,0.7322626,0.1404999,True,1,1
2026-03-11,10672,L:Present R:absent,38,1,18,1,4.119815,5.01018,0.8903651,0.1404999,False,0,1
2026-03-11,10672,L:Present R:absent,38,1,18,1,5.15852,5.179895,0.0213747,0.1294999,True,0,0
2026-03-11,10672,L:Present R:absent,38,1,18,1,6.37499,7.053217,0.6782265,0.1404999,False,0,1
2026-03-11,10672,L:Present R:absent,39,1,19,1,2.022875,2.64585,0.6229746,0.1404999,False,0,1
2026-03-11,10672,L:Present R:absent,39,1,19,1,3.069406,3.787053,0.7176466,0.1294999,True,1,1
2026-03-11,10672,L:Present R:absent,39,1,19,1,4.104493,4.693195,0.5887017,0.1294999,False,0,1
2026-03-11,10672,L:Present R:absent,39,1,19,1,5.161325,5.835963,0.6746378,0.1184999,False,0,1
2026-03-11,10672,L:Present R:absent,39,1,19,1,6.196318,6.880109,0.6837907,0.1184999,True,1,1
2026-03-11,10672,L:Present R:absent,40,2,0,2,1.74378,2.285247,0.5414671,0.1074999,True,0,0
2026-03-11,10672,L:Present R:absent,40,2,0,2,2.786326,3.446991,0.6606648,0.4180001,False,0,1
2026-03-11,10672,L:Present R:absent,40,2,0,2,3.835986,4.350515,0.5145292,0.4180001,False,0,1
2026-03-11,10672,L:Present R:absent,40,2,0,2,4.891519,5.432587,0.5410681,0.4070001,True,1,1
2026-03-11,10672,L:Present R:absent,40,2,0,2,6.049464,6.528603,0.4791389,0.4070001,False,0,1
2026-03-11,10672,L:Present R:absent,41,2,1,2,2.688696,3.237385,0.5486889,0.3960001,True,1,1
2026-03-11,10672,L:Present R:absent,41,2,1,2,3.73726,4.129269,0.3920083,0.3960001,True,1,1
2026-03-11,10672,L:Present R:absent,41,2,1,2,4.78771,5.204407,0.416697,0.3850001,True,1,1
2026-03-11,10672,L:Present R:absent,41,2,1,2,5.825544,6.341967,0.5164227,0.3850001,False,0,1
2026-03-11,10672,L:Present R:absent,41,2,1,2,6.869381,7.411187,0.5418057,0.3740001,False,1,0
2026-03-11,10672,L:Present R:absent,42,2,2,2,2.666164,3.316532,0.6503675,0.3850001,False,0,1
2026-03-11,10672,L:Present R:absent,42,2,2,2,3.700951,4.230512,0.5295615,0.3850001,True,1,1
2026-03-11,10672,L:Present R:absent,42,2,2,2,4.738958,5.287909,0.5489507,0.3740001,False,0,1
2026-03-11,10672,L:Present R:absent,42,2,2,2,6.846719,7.263434,0.4167151,0.3740001,True,0,0
2026-03-11,10672,L:Present R:absent,43,2,3,2,2.846004,3.358023,0.5120182,0.3850001,False,0,1
2026-03-11,10672,L:Present R:absent,43,2,3,2,3.893489,4.413534,0.5200446,0.3850001,False,0,1
2026-03-11,10672,L:Present R:absent,43,2,3,2,5.967362,6.48629,0.5189276,0.3740001,False,0,1
2026-03-11,10672,L:Present R:absent,44,2,4,2,2.542852,3.07963,0.5367782,0.3740001,True,1,1
2026-03-11,10672,L:Present R:absent,44,2,4,2,3.587931,4.188565,0.6006334,0.3630001,False,0,1
2026-03-11,10672,L:Present R:absent,44,2,4,2,4.618511,5.201572,0.5830617,0.3630001,False,0,1
2026-03-11,10672,L:Present R:absent,44,2,4,2,5.665228,6.12566,0.4604316,0.3520001,False,0,1
2026-03-11,10672,L:Present R:absent,44,2,4,2,6.735857,7.234704,0.4988461,0.3520001,True,1,1
2026-03-11,10672,L:Present R:absent,45,2,5,2,1.830228,2.309093,0.4788649,0.3410001,True,1,1
2026-03-11,10672,L:Present R:absent,45,2,5,2,2.880304,3.39942,0.5191166,0.3410001,True,1,1
2026-03-11,10672,L:Present R:absent,45,2,5,2,4.975836,5.428092,0.4522552,0.33,False,0,1
2026-03-11,10672,L:Present R:absent,45,2,5,2,6.067036,6.523876,0.4568405,0.33,True,1,1
2026-03-11,10672,L:Present R:absent,46,2,6,2,1.77104,2.316836,0.5457962,0.319,True,1,1
2026-03-11,10672,L:Present R:absent,46,2,6,2,2.817553,3.251982,0.4344292,0.319,True,1,1
2026-03-11,10672,L:Present R:absent,46,2,6,2,3.86259,4.387761,0.525171,0.308,True,1,1
2026-03-11,10672,L:Present R:absent,46,2,6,2,4.91849,5.500252,0.5817623,0.308,False,0,1
2026-03-11,10672,L:Present R:absent,46,2,6,2,6.130797,6.674471,0.543674,0.297,False,0,1
2026-03-11,10672,L:Present R:absent,47,2,7,2,2.531934,3.072027,0.5400934,0.297,False,0,1
2026-03-11,10672,L:Present R:absent,47,2,7,2,3.586897,4.071016,0.4841192,0.286,False,0,1
2026-03-11,10672,L:Present R:absent,47,2,7,2,4.6319,5.166298,0.5343981,0.286,False,0,1
2026-03-11,10672,L:Present R:absent,47,2,7,2,5.678812,6.289315,0.6105037,0.275,False,0,1
2026-03-11,10672,L:Present R:absent,48,2,8,2,3.15269,3.688078,0.5353875,0.275,True,1,1
2026-03-11,10672,L:Present R:absent,48,2,8,2,4.192602,4.640845,0.4482436,0.264,True,1,1
2026-03-11,10672,L:Present R:absent,48,2,8,2,5.231972,5.70618,0.4742079,0.264,True,1,1
2026-03-11,10672,L:Present R:absent,48,2,8,2,6.427078,6.922976,0.4958982,0.253,True,1,1
2026-03-11,10672,L:Present R:absent,49,2,9,2,1.810152,2.371613,0.561461,0.253,True,0,0
2026-03-11,10672,L:Present R:absent,49,2,9,2,2.84066,3.356428,0.5157683,0.264,True,1,1
2026-03-11,10672,L:Present R:absent,49,2,9,2,3.886301,4.500761,0.6144602,0.264,True,1,1
2026-03-11,10672,L:Present R:absent,49,2,9,2,4.942061,5.437746,0.4956841,0.253,True,1,1
2026-03-11,10672,L:Present R:absent,49,2,9,2,6.129191,6.714186,0.5849953,0.253,False,0,1
2026-03-11,10672,L:Present R:absent,50,2,10,2,2.041444,2.551471,0.5100276,0.242,True,1,1
2026-03-11,10672,L:Present R:absent,50,2,10,2,3.084244,3.632857,0.5486128,0.242,False,0,1
2026-03-11,10672,L:Present R:absent,50,2,10,2,4.127918,4.694777,0.5668588,0.231,False,0,1
2026-03-11,10672,L:Present R:absent,50,2,10,2,5.173292,5.772326,0.5990343,0.231,True,1,1
2026-03-11,10672,L:Present R:absent,50,2,10,2,6.228002,6.753352,0.5253496,0.22,True,1,1
2026-03-11,10672,L:Present R:absent,51,2,11,2,2.426041,3.115937,0.6898956,0.22,True,1,1
2026-03-11,10672,L:Present R:absent,51,2,11,2,3.46435,4.081899,0.6175487,0.209,False,0,1
2026-03-11,10672,L:Present R:absent,51,2,11,2,4.508985,5.083646,0.5746613,0.209,False,0,1
2026-03-11,10672,L:Present R:absent,51,2,11,2,5.539447,6.048221,0.5087733,0.198,False,0,1
2026-03-11,10672,L:Present R:absent,51,2,11,2,6.591861,7.247839,0.6559782,0.198,False,0,1
2026-03-11,10672,L:Present R:absent,52,2,12,2,2.36682,3.089528,0.7227075,0.1869999,True,1,1
2026-03-11,10672,L:Present R:absent,52,2,12,2,3.414751,3.995889,0.5811381,0.1869999,False,0,1
2026-03-11,10672,L:Present R:absent,52,2,12,2,4.464975,4.974096,0.5091205,0.1759999,False,0,1
2026-03-11,10672,L:Present R:absent,52,2,12,2,5.510741,6.048842,0.5381012,0.1759999,False,0,1
2026-03-11,10672,L:Present R:absent,53,2,13,2,2.570624,3.044908,0.4742835,0.1649999,False,0,1
2026-03-11,10672,L:Present R:absent,53,2,13,2,3.620431,4.157979,0.5375481,0.1649999,True,1,1
2026-03-11,10672,L:Present R:absent,53,2,13,2,4.664315,5.181278,0.516963,0.1539999,True,1,1
2026-03-11,10672,L:Present R:absent,53,2,13,2,5.82017,6.285888,0.4657173,0.1539999,False,0,1
2026-03-11,10672,L:Present R:absent,54,2,14,2,2.573822,3.140193,0.566371,0.1429999,False,0,1
2026-03-11,10672,L:Present R:absent,54,2,14,2,3.612841,4.130303,0.5174625,0.1429999,True,0,0
2026-03-11,10672,L:Present R:absent,54,2,14,2,4.664594,5.291207,0.6266131,0.1539999,False,0,1
2026-03-11,10672,L:Present R:absent,54,2,14,2,5.913842,6.503022,0.5891795,0.1539999,True,1,1
2026-03-11,10672,L:Present R:absent,56,2,16,2,2.042936,2.678576,0.6356397,0.1429999,False,0,1
2026-03-11,10672,L:Present R:absent,56,2,16,2,3.066798,3.565647,0.4988489,0.1429999,False,0,1
2026-03-11,10672,L:Present R:absent,56,2,16,2,4.113282,4.606359,0.4930768,0.1319999,True,0,0
2026-03-11,10672,L:Present R:absent,56,2,16,2,5.146005,5.693848,0.547843,0.1429999,True,0,0
2026-03-11,10672,L:Present R:absent,56,2,16,2,6.266588,6.866066,0.5994782,0.1539999,False,0,1
2026-03-11,10672,L:Present R:absent,57,2,17,2,2.49948,3.00605,0.5065703,0.1539999,True,0,0
2026-03-11,10672,L:Present R:absent,57,2,17,2,3.556086,4.094174,0.5380888,0.1649999,False,0,1
2026-03-11,10672,L:Present R:absent,57,2,17,2,4.588654,5.212152,0.623498,0.1649999,True,1,1
2026-03-11,10672,L:Present R:absent,57,2,17,2,5.638864,6.147855,0.5089917,0.1539999,True,1,1
2026-03-11,10672,L:Present R:absent,57,2,17,2,6.737795,7.268772,0.5309772,0.1539999,False,1,0
2026-03-11,10672,L:Present R:absent,58,2,18,2,2.642768,3.240913,0.598145,0.1649999,True,1,1
2026-03-11,10672,L:Present R:absent,58,2,18,2,3.676423,4.144035,0.467612,0.1649999,False,0,1
2026-03-11,10672,L:Present R:absent,58,2,18,2,4.728255,5.347067,0.6188121,0.1539999,True,1,1
2026-03-11,10672,L:Present R:absent,58,2,18,2,5.781617,6.360836,0.5792189,0.1539999,True,1,1
2026-03-11,10672,L:Present R:absent,59,2,19,2,2.646797,3.148596,0.5017996,0.1429999,False,0,1
2026-03-11,10672,L:Present R:absent,59,2,19,2,3.705961,4.201954,0.4959936,0.1429999,False,0,1
2026-03-11,10672,L:Present R:absent,59,2,19,2,4.753953,5.51604,0.7620864,0.1319999,False,0,1
2026-03-11,10672,L:Present R:absent,59,2,19,2,5.805756,6.504099,0.6983433,0.1319999,False,0,1
2026-03-11,10672,L:Present R:absent,60,3,0,1,2.875966,3.434871,0.5589051,0.1209999,True,0,0
2026-03-11,10672,L:Present R:absent,60,3,0,1,3.936666,4.452973,0.5163074,0.1184999,True,0,0
2026-03-11,10672,L:Present R:absent,60,3,0,1,4.986004,5.493415,0.5074115,0.1294999,True,0,0
2026-03-11,10672,L:Present R:absent,60,3,0,1,6.030039,6.691245,0.6612058,0.1404999,True,0,0
2026-03-11,10672,L:Present R:absent,61,3,1,1,2.685431,3.40485,0.7194192,0.1514999,True,1,1
2026-03-11,10672,L:Present R:absent,61,3,1,1,3.72331,4.285014,0.5617034,0.1514999,False,0,1
2026-03-11,10672,L:Present R:absent,61,3,1,1,4.782621,5.484251,0.7016301,0.1404999,False,0,1
2026-03-11,10672,L:Present R:absent,61,3,1,1,5.822588,6.658004,0.8354163,0.1404999,True,0,0
2026-03-11,10672,L:Present R:absent,62,3,2,1,2.583926,3.224448,0.6405218,0.1514999,True,1,1
2026-03-11,10672,L:Present R:absent,62,3,2,1,3.608934,4.131851,0.522917,0.1514999,False,0,1
2026-03-11,10672,L:Present R:absent,62,3,2,1,4.645378,5.308564,0.6631861,0.1404999,False,0,1
2026-03-11,10672,L:Present R:absent,62,3,2,1,5.756272,6.284638,0.5283666,0.1404999,False,0,1
2026-03-11,10672,L:Present R:absent,63,3,3,1,1.861032,2.757854,0.8968219,0.1294999,False,0,1
2026-03-11,10672,L:Present R:absent,63,3,3,1,2.899648,2.92314,0.02349186,0.1294999,True,0,0
2026-03-11,10672,L:Present R:absent,63,3,3,1,3.935399,4.613345,0.6779456,0.1404999,False,0,1
2026-03-11,10672,L:Present R:absent,63,3,3,1,4.998336,5.473832,0.4754953,0.1404999,False,0,1
2026-03-11,10672,L:Present R:absent,63,3,3,1,6.32941,6.838478,0.509068,0.1294999,False,0,1
2026-03-11,10672,L:Present R:absent,64,3,4,1,2.249589,2.832774,0.5831852,0.1294999,False,0,1
2026-03-11,10672,L:Present R:absent,64,3,4,1,3.296339,3.854023,0.5576837,0.1184999,True,0,0
2026-03-11,10672,L:Present R:absent,64,3,4,1,4.351788,5.110271,0.7584825,0.1294999,True,1,1
2026-03-11,10672,L:Present R:absent,64,3,4,1,5.390773,5.95295,0.5621772,0.1294999,False,0,1
2026-03-11,10672,L:Present R:absent,64,3,4,1,6.449714,7.106373,0.6566586,0.1184999,True,1,1
2026-03-11,10672,L:Present R:absent,65,3,5,1,3.123527,3.633137,0.5096102,0.1184999,True,0,0
2026-03-11,10672,L:Present R:absent,65,3,5,1,4.182474,4.788852,0.6063786,0.1294999,False,0,1
2026-03-11,10672,L:Present R:absent,65,3,5,1,5.217889,5.806737,0.5888481,0.1294999,False,0,1
2026-03-11,10672,L:Present R:absent,65,3,5,1,6.289605,6.849754,0.5601497,0.1184999,True,1,1
2026-03-11,10672,L:Present R:absent,66,3,6,1,2.241374,2.941633,0.700259,0.1184999,True,1,1
2026-03-11,10672,L:Present R:absent,66,3,6,1,3.285447,3.858981,0.5735338,0.1074999,False,0,1
2026-03-11,10672,L:Present R:absent,66,3,6,1,4.332973,4.930658,0.5976844,0.1074999,False,0,1
2026-03-11,10672,L:Present R:absent,66,3,6,1,5.379901,5.975196,0.5952954,0.09649991,True,1,1
2026-03-11,10672,L:Present R:absent,66,3,6,1,6.507091,7.168258,0.6611671,0.09649991,False,0,1
2026-03-11,10672,L:Present R:absent,67,3,7,1,2.67314,3.147035,0.4738946,0.08549991,True,0,0
2026-03-11,10672,L:Present R:absent,67,3,7,1,3.73411,4.239328,0.5052185,0.09649991,False,0,1
2026-03-11,10672,L:Present R:absent,67,3,7,1,5.818841,6.561875,0.7430339,0.09649991,True,0,0
2026-03-11,10672,L:Present R:absent,68,3,8,1,2.770509,3.563312,0.792803,0.1074999,True,1,1
2026-03-11,10672,L:Present R:absent,68,3,8,1,5.918487,6.522343,0.6038561,0.1074999,False,0,1
2026-03-11,10672,L:Present R:absent,69,3,9,1,2.245312,2.952046,0.7067335,0.09649991,False,0,1
2026-03-11,10672,L:Present R:absent,69,3,9,1,3.3001,3.856996,0.5568955,0.09649991,False,0,1
2026-03-11,10672,L:Present R:absent,69,3,9,1,4.329047,4.82259,0.4935427,0.08549991,False,0,1
2026-03-11,10672,L:Present R:absent,69,3,9,1,5.356695,5.964169,0.6074739,0.08549991,False,0,1
2026-03-11,10672,L:Present R:absent,69,3,9,1,6.402194,7.007384,0.6051903,0.07449991,False,0,1
2026-03-11,10672,L:Present R:absent,70,3,10,1,1.659603,2.411204,0.7516011,0.07449991,True,0,0
2026-03-11,10672,L:Present R:absent,70,3,10,1,2.706138,3.267417,0.5612793,0.08549991,True,0,0
2026-03-11,10672,L:Present R:absent,70,3,10,1,3.754225,4.300054,0.5458295,0.09649991,False,0,1
2026-03-11,10672,L:Present R:absent,70,3,10,1,4.797111,5.308076,0.5109649,0.09649991,False,0,1
2026-03-11,10672,L:Present R:absent,70,3,10,1,5.941774,6.50471,0.5629358,0.08549991,False,0,1
2026-03-11,10672,L:Present R:absent,71,3,11,1,2.340375,2.863083,0.5227077,0.08549991,True,0,0
2026-03-11,10672,L:Present R:absent,71,3,11,1,3.397472,3.965873,0.5684006,0.09649991,True,0,0
2026-03-11,10672,L:Present R:absent,71,3,11,1,4.436511,5.009467,0.5729566,0.1074999,False,0,1
2026-03-11,10672,L:Present R:absent,71,3,11,1,5.49539,6.145195,0.6498051,0.1074999,True,0,0
2026-03-11,10672,L:Present R:absent,71,3,11,1,6.537652,7.225075,0.6874228,0.1184999,True,0,0
2026-03-11,10672,L:Present R:absent,72,3,12,1,1.903466,2.506823,0.6033562,0.1294999,False,0,1
2026-03-11,10672,L:Present R:absent,72,3,12,1,2.953619,3.442894,0.489275,0.1294999,False,0,1
2026-03-11,10672,L:Present R:absent,72,3,12,1,3.993571,4.447349,0.453778,0.1184999,True,0,0
2026-03-11,10672,L:Present R:absent,72,3,12,1,5.028473,5.548365,0.5198917,0.1294999,False,0,1
2026-03-11,10672,L:Present R:absent,72,3,12,1,6.200758,6.756414,0.5556569,0.1294999,False,0,1
2026-03-11,10672,L:Present R:absent,73,3,13,1,3.126417,3.75687,0.6304524,0.1184999,False,0,1
2026-03-11,10672,L:Present R:absent,73,3,13,1,4.163476,4.6548,0.4913239,0.1184999,True,0,0
2026-03-11,10672,L:Present R:absent,73,3,13,1,5.199705,5.772275,0.5725703,0.1294999,False,0,1
2026-03-11,10672,L:Present R:absent,73,3,13,1,6.457778,7.239485,0.7817078,0.1294999,False,0,1
2026-03-11,10672,L:Present R:absent,74,3,14,1,1.834806,2.316601,0.4817948,0.1184999,True,0,0
2026-03-11,10672,L:Present R:absent,74,3,14,1,2.878219,3.55542,0.6772008,0.1294999,True,1,1
2026-03-11,10672,L:Present R:absent,74,3,14,1,3.902582,4.502273,0.5996909,0.1294999,True,1,1
2026-03-11,10672,L:Present R:absent,74,3,14,1,4.945209,5.51804,0.5728316,0.1184999,True,1,1
2026-03-11,10672,L:Present R:absent,74,3,14,1,6.038696,6.698703,0.6600065,0.1184999,False,0,1
2026-03-11,10672,L:Present R:absent,75,3,15,1,2.927346,3.734055,0.8067086,0.1074999,False,0,1
2026-03-11,10672,L:Present R:absent,75,3,15,1,3.962703,4.694786,0.7320826,0.1074999,True,1,1
2026-03-11,10672,L:Present R:absent,75,3,15,1,5.011312,5.609476,0.5981641,0.09649991,True,0,0
2026-03-11,10672,L:Present R:absent,75,3,15,1,6.055831,6.793632,0.7378006,0.1074999,True,1,1
2026-03-11,10672,L:Present R:absent,76,3,16,1,2.234218,3.108205,0.8739872,0.1074999,True,1,1
2026-03-11,10672,L:Present R:absent,76,3,16,1,3.281319,3.30551,0.02419138,0.09649991,True,1,1
2026-03-11,10672,L:Present R:absent,76,3,16,1,4.333094,4.980597,0.6475024,0.09649991,False,0,1
2026-03-11,10672,L:Present R:absent,76,3,16,1,6.413915,6.981002,0.5670877,0.08549991,True,1,1
2026-03-11,10672,L:Present R:absent,77,3,17,1,1.89863,2.621038,0.7224082,0.08549991,False,0,1
2026-03-11,10672,L:Present R:absent,77,3,17,1,2.936176,3.50523,0.5690544,0.07449991,True,0,0
2026-03-11,10672,L:Present R:absent,77,3,17,1,3.98168,4.620165,0.6384852,0.08549991,True,1,1
2026-03-11,10672,L:Present R:absent,77,3,17,1,5.029224,5.621043,0.5918188,0.08549991,True,1,1
2026-03-11,10672,L:Present R:absent,77,3,17,1,6.080637,6.596504,0.5158677,0.07449991,False,0,1
2026-03-11,10672,L:Present R:absent,78,3,18,1,2.98148,3.555559,0.5740788,0.07449991,True,0,0
2026-03-11,10672,L:Present R:absent,78,3,18,1,4.039506,4.825801,0.7862945,0.08549991,True,1,1
2026-03-11,10672,L:Present R:absent,78,3,18,1,5.087004,5.780231,0.6932273,0.08549991,True,1,1
2026-03-11,10672,L:Present R:absent,78,3,18,1,6.115363,6.655623,0.5402603,0.07449991,False,0,1
2026-03-11,10672,L:Present R:absent,79,3,19,1,2.363476,2.995697,0.6322217,0.07449991,False,0,1
2026-03-11,10672,L:Present R:absent,79,3,19,1,3.41821,3.987538,0.5693281,0.06349991,False,0,1
2026-03-11,10672,L:Present R:absent,79,3,19,1,4.460944,5.038867,0.5779223,0.06349991,False,0,1
2026-03-11,10672,L:Present R:absent,79,3,19,1,5.490967,5.972711,0.4817443,0.05249991,True,0,0
2026-03-11,10672,L:Present R:absent,79,3,19,1,6.531431,7.112695,0.5812635,0.06349991,True,0,0
2026-03-11,10672,L:Present R:absent,80,4,0,2,2.869222,3.418453,0.5492315,0.07449991,True,0,0
2026-03-11,10672,L:Present R:absent,80,4,0,2,3.907725,4.384282,0.4765568,0.1319999,True,0,0
2026-03-11,10672,L:Present R:absent,80,4,0,2,4.956431,5.522704,0.5662727,0.1429999,True,0,0
2026-03-11,10672,L:Present R:absent,80,4,0,2,5.987388,6.54149,0.5541019,0.1539999,False,0,1
2026-03-11,10672,L:Present R:absent,81,4,1,2,1.639172,2.092367,0.4531955,0.1539999,False,0,1
2026-03-11,10672,L:Present R:absent,81,4,1,2,2.683682,3.229249,0.5455678,0.1429999,True,1,1
2026-03-11,10672,L:Present R:absent,81,4,1,2,3.713403,4.232229,0.518826,0.1429999,True,1,1
2026-03-11,10672,L:Present R:absent,81,4,1,2,4.765105,5.313774,0.5486693,0.1319999,True,1,1
2026-03-11,10672,L:Present R:absent,81,4,1,2,5.807393,6.277121,0.469728,0.1319999,False,0,1
2026-03-11,10672,L:Present R:absent,82,4,2,2,2.882035,3.382563,0.5005283,0.1209999,False,0,1
2026-03-11,10672,L:Present R:absent,82,4,2,2,3.916483,4.321789,0.4053063,0.1209999,False,0,1
2026-03-11,10672,L:Present R:absent,82,4,2,2,4.982094,5.6425,0.6604061,0.1099999,False,0,1
2026-03-11,10672,L:Present R:absent,82,4,2,2,6.025305,6.656245,0.63094,0.1099999,False,0,1
2026-03-11,10672,L:Present R:absent,83,4,3,2,3.60221,4.349337,0.7471275,0.09899991,True,1,1
2026-03-11,10672,L:Present R:absent,83,4,3,2,4.635242,5.259742,0.6244998,0.09899991,False,0,1
2026-03-11,10672,L:Present R:absent,83,4,3,2,5.827198,6.281195,0.4539967,0.08799991,True,1,1
2026-03-11,10672,L:Present R:absent,84,4,4,2,2.288555,2.758701,0.4701462,0.08799991,True,0,0
2026-03-11,10672,L:Present R:absent,84,4,4,2,3.330302,3.921083,0.5907817,0.09899991,True,1,1
2026-03-11,10672,L:Present R:absent,84,4,4,2,5.419613,5.982191,0.5625772,0.09899991,False,0,1
2026-03-11,10672,L:Present R:absent,84,4,4,2,6.446114,7.227477,0.7813625,0.08799991,False,1,0
2026-03-11,10672,L:Present R:absent,85,4,5,2,2.172183,3.073667,0.9014835,0.09899991,True,0,0
2026-03-11,10672,L:Present R:absent,85,4,5,2,4.265281,4.794583,0.5293021,0.1099999,False,1,0
2026-03-11,10672,L:Present R:absent,85,4,5,2,5.324602,5.890719,0.5661178,0.1209999,True,1,1
2026-03-11,10672,L:Present R:absent,85,4,5,2,6.472869,6.992377,0.5195074,0.1209999,False,0,1
2026-03-11,10672,L:Present R:absent,86,4,6,2,2.453853,2.963703,0.5098498,0.1099999,False,0,1
2026-03-11,10672,L:Present R:absent,86,4,6,2,3.4969,4.113019,0.6161182,0.1099999,True,1,1
2026-03-11,10672,L:Present R:absent,86,4,6,2,4.53912,5.191479,0.6523595,0.09899991,True,1,1
2026-03-11,10672,L:Present R:absent,86,4,6,2,5.59075,6.438951,0.8482013,0.09899991,False,0,1
2026-03-11,10672,L:Present R:absent,86,4,6,2,6.637763,7.19576,0.5579972,0.08799991,False,0,1
2026-03-11,10672,L:Present R:absent,87,4,7,2,2.632411,3.244802,0.6123908,0.08799991,False,0,1
2026-03-11,10672,L:Present R:absent,87,4,7,2,3.678029,4.345155,0.6671262,0.07699991,False,0,1
2026-03-11,10672,L:Present R:absent,87,4,7,2,4.715685,5.445066,0.7293816,0.07699991,True,0,0
2026-03-11,10672,L:Present R:absent,87,4,7,2,6.072556,6.859571,0.787015,0.08799991,True,0,0
2026-03-11,10672,L:Present R:absent,88,4,8,2,2.064557,2.546934,0.4823768,0.09899991,False,0,1
2026-03-11,10672,L:Present R:absent,88,4,8,2,3.126091,3.669331,0.5432403,0.09899991,False,0,1
2026-03-11,10672,L:Present R:absent,88,4,8,2,4.163002,4.942297,0.779295,0.08799991,False,0,1
2026-03-11,10672,L:Present R:absent,88,4,8,2,5.204654,6.005649,0.8009953,0.08799991,True,0,0
2026-03-11,10672,L:Present R:absent,88,4,8,2,6.248544,7.000978,0.7524347,0.09899991,True,1,1
2026-03-11,10672,L:Present R:absent,89,4,9,2,2.501087,3.04704,0.5459528,0.09899991,False,0,1
2026-03-11,10672,L:Present R:absent,89,4,9,2,3.554171,4.074644,0.5204723,0.08799991,False,0,1
2026-03-11,10672,L:Present R:absent,89,4,9,2,4.602356,5.375076,0.7727199,0.08799991,True,0,0
2026-03-11,10672,L:Present R:absent,89,4,9,2,5.649457,5.670567,0.0211091,0.09899991,False,0,1
2026-03-11,10672,L:Present R:absent,89,4,9,2,6.686757,6.709949,0.02319145,0.09899991,True,0,0
2026-03-11,10672,L:Present R:absent,90,4,10,2,3.345189,3.851343,0.5061543,0.1099999,False,0,1
2026-03-11,10672,L:Present R:absent,90,4,10,2,4.388724,4.952458,0.5637345,0.1099999,False,0,1
2026-03-11,10672,L:Present R:absent,90,4,10,2,5.432182,5.955776,0.5235934,0.09899991,False,0,1
2026-03-11,10672,L:Present R:absent,90,4,10,2,6.475442,6.921999,0.4465561,0.09899991,False,0,1
2026-03-11,10672,L:Present R:absent,91,4,11,2,2.475825,2.972301,0.4964752,0.08799991,False,0,1
2026-03-11,10672,L:Present R:absent,91,4,11,2,3.503767,3.965288,0.4615216,0.08799991,True,0,0
2026-03-11,10672,L:Present R:absent,91,4,11,2,4.532151,5.001915,0.4697642,0.09899991,False,0,1
2026-03-11,10672,L:Present R:absent,91,4,11,2,5.570336,6.146842,0.5765061,0.09899991,False,0,1
2026-03-11,10672,L:Present R:absent,91,4,11,2,6.628945,7.13728,0.5083351,0.08799991,True,0,0
2026-03-11,10672,L:Present R:absent,92,4,12,2,2.842294,3.394691,0.5523973,0.09899991,False,0,1
2026-03-11,10672,L:Present R:absent,92,4,12,2,3.880106,4.346381,0.466275,0.09899991,True,0,0
2026-03-11,10672,L:Present R:absent,92,4,12,2,4.904192,5.42726,0.5230675,0.1099999,False,0,1
2026-03-11,10672,L:Present R:absent,92,4,12,2,5.953399,6.690092,0.7366929,0.1099999,True,0,0
2026-03-11,10672,L:Present R:absent,93,4,13,2,3.097074,3.676944,0.57987,0.1209999,False,0,1
2026-03-11,10672,L:Present R:absent,93,4,13,2,4.135549,4.673501,0.5379524,0.1209999,False,0,1
2026-03-11,10672,L:Present R:absent,93,4,13,2,5.180754,5.909575,0.7288208,0.1099999,True,1,1
2026-03-11,10672,L:Present R:absent,93,4,13,2,6.394926,7.038767,0.6438413,0.1099999,True,0,0
2026-03-11,10672,L:Present R:absent,94,4,14,2,1.727097,2.202042,0.4749446,0.1209999,True,0,0
2026-03-11,10672,L:Present R:absent,94,4,14,2,2.7557,3.338115,0.5824151,0.1319999,True,0,0
2026-03-11,10672,L:Present R:absent,94,4,14,2,3.80083,4.359948,0.5591173,0.1429999,True,1,1
2026-03-11,10672,L:Present R:absent,94,4,14,2,4.834679,5.50523,0.6705508,0.1429999,False,0,1
2026-03-11,10672,L:Present R:absent,94,4,14,2,6.065562,6.640701,0.5751395,0.1319999,True,1,1
2026-03-11,10672,L:Present R:absent,95,4,15,2,2.306094,2.885754,0.5796597,0.1319999,False,0,1
2026-03-11,10672,L:Present R:absent,95,4,15,2,3.345885,3.932726,0.5868409,0.1209999,False,0,1
2026-03-11,10672,L:Present R:absent,95,4,15,2,4.395484,5.054316,0.6588311,0.1209999,True,1,1
2026-03-11,10672,L:Present R:absent,95,4,15,2,5.444461,6.079417,0.6349554,0.1099999,False,0,1
2026-03-11,10672,L:Present R:absent,95,4,15,2,6.469776,7.245433,0.7756572,0.1099999,True,0,0
2026-03-11,10672,L:Present R:absent,96,4,16,2,2.226709,2.791028,0.5643198,0.1209999,False,0,1
2026-03-11,10672,L:Present R:absent,96,4,16,2,3.269008,3.9719,0.7028923,0.1209999,False,0,1
2026-03-11,10672,L:Present R:absent,96,4,16,2,4.330326,5.163056,0.8327298,0.1099999,False,0,1
2026-03-11,10672,L:Present R:absent,96,4,16,2,5.387875,6.011574,0.6236992,0.1099999,True,1,1
2026-03-11,10672,L:Present R:absent,96,4,16,2,6.43674,7.060458,0.6237178,0.09899991,False,0,1
2026-03-11,10672,L:Present R:absent,97,4,17,2,2.962954,3.464262,0.5013082,0.09899991,False,0,1
2026-03-11,10672,L:Present R:absent,97,4,17,2,4.013072,4.613214,0.600142,0.08799991,True,0,0
2026-03-11,10672,L:Present R:absent,97,4,17,2,5.06847,5.764765,0.6962953,0.09899991,False,0,1
2026-03-11,10672,L:Present R:absent,97,4,17,2,6.125415,6.707704,0.5822892,0.09899991,False,0,1
2026-03-11,10672,L:Present R:absent,98,4,18,2,4.036993,4.710971,0.6739783,0.08799991,False,0,1
2026-03-11,10672,L:Present R:absent,98,4,18,2,5.075383,5.702606,0.627223,0.08799991,True,0,0
2026-03-11,10672,L:Present R:absent,98,4,18,2,6.133995,6.962963,0.828968,0.09899991,True,1,1
2026-03-11,10672,L:Present R:absent,99,4,19,2,3.06196,3.781269,0.7193096,0.09899991,False,0,1
2026-03-11,10672,L:Present R:absent,99,4,19,2,4.105489,4.834716,0.7292271,0.08799991,False,1,0
2026-03-11,10672,L:Present R:absent,99,4,19,2,5.140841,5.70261,0.56177,0.09899991,False,0,1
2026-03-11,10672,L:Present R:absent,99,4,19,2,6.337119,6.913167,0.5760489,0.09899991,True,1,1
2026-03-11,10672,L:Present R:absent,100,5,0,1,3.085385,3.621114,0.5357292,0.08799991,False,0,1
2026-03-11,10672,L:Present R:absent,100,5,0,1,4.124549,4.674305,0.5497565,0.07449991,False,0,1
2026-03-11,10672,L:Present R:absent,100,5,0,1,5.167653,5.704392,0.5367393,0.06349991,False,0,1
2026-03-11,10672,L:Present R:absent,100,5,0,1,6.368092,6.902133,0.5340419,0.06349991,False,0,1
2026-03-11,10672,L:Present R:absent,101,5,1,1,2.489542,3.012434,0.5228913,0.05249991,True,0,0
2026-03-11,10672,L:Present R:absent,101,5,1,1,3.52427,4.062263,0.537993,0.06349991,False,0,1
2026-03-11,10672,L:Present R:absent,101,5,1,1,4.582276,5.280005,0.6977282,0.06349991,True,0,0
2026-03-11,10672,L:Present R:absent,101,5,1,1,5.626013,6.181593,0.5555801,0.07449991,False,0,1
2026-03-11,10672,L:Present R:absent,101,5,1,1,6.650256,7.114041,0.4637852,0.07449991,True,0,0
2026-03-11,10672,L:Present R:absent,102,5,2,1,2.399457,2.935474,0.5360169,0.08549991,True,0,0
2026-03-11,10672,L:Present R:absent,102,5,2,1,3.439362,3.985708,0.5463464,0.09649991,False,0,1
2026-03-11,10672,L:Present R:absent,102,5,2,1,4.488623,5.025043,0.5364194,0.09649991,False,0,1
2026-03-11,10672,L:Present R:absent,102,5,2,1,5.540305,6.064426,0.5241213,0.08549991,False,0,1
2026-03-11,10672,L:Present R:absent,102,5,2,1,6.697378,7.278387,0.5810089,0.08549991,False,0,1
2026-03-11,10672,L:Present R:absent,103,5,3,1,1.684892,2.210984,0.5260923,0.07449991,False,0,1
2026-03-11,10672,L:Present R:absent,103,5,3,1,2.713384,3.242244,0.5288596,0.07449991,False,0,1
2026-03-11,10672,L:Present R:absent,103,5,3,1,3.759671,4.258116,0.4984446,0.06349991,False,0,1
2026-03-11,10672,L:Present R:absent,103,5,3,1,4.827172,5.349712,0.5225406,0.06349991,False,0,1
2026-03-11,10672,L:Present R:absent,103,5,3,1,6.107686,6.786099,0.6784129,0.05249991,False,0,1
2026-03-11,10672,L:Present R:absent,104,5,4,1,2.53688,3.055294,0.5184135,0.05249991,False,0,1
2026-03-11,10672,L:Present R:absent,104,5,4,1,3.574932,4.085466,0.5105348,0.04149991,True,0,0
2026-03-11,10672,L:Present R:absent,104,5,4,1,4.605682,5.201297,0.5956154,0.05249991,True,0,0
2026-03-11,10672,L:Present R:absent,104,5,4,1,5.654289,6.21103,0.5567408,0.06349991,True,0,0
2026-03-11,10672,L:Present R:absent,104,5,4,1,6.701535,7.458331,0.7567964,0.07449991,False,0,1
2026-03-11,10672,L:Present R:absent,105,5,5,1,1.674743,2.234009,0.5592661,0.07449991,True,0,0
2026-03-11,10672,L:Present R:absent,105,5,5,1,2.701246,3.254634,0.5533886,0.08549991,True,0,0
2026-03-11,10672,L:Present R:absent,105,5,5,1,3.754086,4.295771,0.5416851,0.09649991,True,0,0
2026-03-11,10672,L:Present R:absent,105,5,5,1,4.79206,5.388022,0.595962,0.1074999,True,0,0
2026-03-11,10672,L:Present R:absent,105,5,5,1,6.029613,6.558116,0.5285039,0.1184999,False,0,1
2026-03-11,10672,L:Present R:absent,106,5,6,1,1.851472,2.407915,0.5564425,0.1184999,True,0,0
2026-03-11,10672,L:Present R:absent,106,5,6,1,2.891809,3.481476,0.5896664,0.1294999,False,0,1
2026-03-11,10672,L:Present R:absent,106,5,6,1,3.937113,4.482068,0.5449555,0.1294999,True,1,1
2026-03-11,10672,L:Present R:absent,106,5,6,1,4.98772,5.702179,0.7144594,0.1184999,True,1,1
2026-03-11,10672,L:Present R:absent,106,5,6,1,6.036775,6.844903,0.8081284,0.1184999,False,0,1
2026-03-11,10672,L:Present R:absent,107,5,7,1,3.068034,3.597705,0.5296717,0.1074999,False,0,1
2026-03-11,10672,L:Present R:absent,107,5,7,1,4.125427,4.77096,0.6455331,0.1074999,True,1,1
2026-03-11,10672,L:Present R:absent,107,5,7,1,6.515778,7.186305,0.6705265,0.09649991,True,0,0
2026-03-11,10672,L:Present R:absent,108,5,8,1,1.756265,2.610218,0.8539531,0.1074999,False,0,1
2026-03-11,10672,L:Present R:absent,108,5,8,1,2.79709,3.618393,0.8213029,0.1074999,True,1,1
2026-03-11,10672,L:Present R:absent,108,5,8,1,3.841935,4.530465,0.68853,0.09649991,False,0,1
2026-03-11,10672,L:Present R:absent,108,5,8,1,4.895604,5.412339,0.5167351,0.09649991,True,0,0
2026-03-11,10672,L:Present R:absent,108,5,8,1,5.930146,6.530501,0.6003556,0.1074999,False,0,1
2026-03-11,10672,L:Present R:absent,109,5,9,1,2.864204,3.553763,0.6895585,0.1074999,False,0,1
2026-03-11,10672,L:Present R:absent,109,5,9,1,3.912759,4.595638,0.6828787,0.09649991,True,1,1
2026-03-11,10672,L:Present R:absent,109,5,9,1,4.96557,5.663034,0.697464,0.09649991,True,1,1
2026-03-11,10672,L:Present R:absent,109,5,9,1,6.010801,6.606018,0.5952172,0.08549991,False,0,1
2026-03-11,10672,L:Present R:absent,110,5,10,1,2.862456,3.395219,0.5327628,0.08549991,False,0,1
2026-03-11,10672,L:Present R:absent,110,5,10,1,3.915301,4.372272,0.4569719,0.07449991,False,0,1
2026-03-11,10672,L:Present R:absent,110,5,10,1,4.94808,5.396581,0.4485011,0.07449991,True,0,0
2026-03-11,10672,L:Present R:absent,110,5,10,1,6.000215,6.520674,0.5204587,0.08549991,False,0,1
2026-03-11,10672,L:Present R:absent,111,5,11,1,2.10708,2.587502,0.4804227,0.08549991,False,0,1
2026-03-11,10672,L:Present R:absent,111,5,11,1,3.147535,3.621311,0.4737756,0.07449991,True,0,0
2026-03-11,10672,L:Present R:absent,111,5,11,1,4.203361,4.755744,0.5523829,0.08549991,False,0,1
2026-03-11,10672,L:Present R:absent,111,5,11,1,5.244611,5.76652,0.5219083,0.08549991,True,0,0
2026-03-11,10672,L:Present R:absent,111,5,11,1,6.284395,6.752829,0.4684343,0.09649991,False,0,1
2026-03-11,10672,L:Present R:absent,112,5,12,1,2.343688,2.859322,0.5156336,0.09649991,True,0,0
2026-03-11,10672,L:Present R:absent,112,5,12,1,3.376389,3.992785,0.6163964,0.1074999,False,0,1
2026-03-11,10672,L:Present R:absent,112,5,12,1,4.419017,5.248837,0.8298202,0.1074999,True,1,1
2026-03-11,10672,L:Present R:absent,112,5,12,1,5.463239,5.484452,0.02121305,0.09649991,True,1,1
2026-03-11,10672,L:Present R:absent,112,5,12,1,6.502885,7.119299,0.6164145,0.09649991,False,0,1
2026-03-11,10672,L:Present R:absent,113,5,13,1,2.582238,3.211735,0.6294968,0.08549991,True,0,0
2026-03-11,10672,L:Present R:absent,113,5,13,1,3.622817,4.156406,0.5335894,0.09649991,False,0,1
2026-03-11,10672,L:Present R:absent,113,5,13,1,4.669719,5.241349,0.5716295,0.09649991,True,0,0
2026-03-11,10672,L:Present R:absent,113,5,13,1,5.715557,6.229711,0.5141535,0.1074999,False,0,1
2026-03-11,10672,L:Present R:absent,114,5,14,1,2.592957,3.404645,0.8116875,0.1074999,True,0,0
2026-03-11,10672,L:Present R:absent,114,5,14,1,3.651759,4.242825,0.5910659,0.1184999,False,0,1
2026-03-11,10672,L:Present R:absent,114,5,14,1,4.712002,5.408407,0.6964045,0.1184999,True,1,1
2026-03-11,10672,L:Present R:absent,114,5,14,1,5.77317,6.275462,0.5022926,0.1074999,True,1,1
2026-03-11,10672,L:Present R:absent,114,5,14,1,6.805925,7.321702,0.5157776,0.1074999,True,0,0
2026-03-11,10672,L:Present R:absent,115,5,15,1,2.849624,3.461467,0.6118426,0.1184999,True,1,1
2026-03-11,10672,L:Present R:absent,115,5,15,1,3.89928,4.481111,0.5818305,0.1184999,False,0,1
2026-03-11,10672,L:Present R:absent,115,5,15,1,4.941217,5.413967,0.4727492,0.1074999,True,0,0
2026-03-11,10672,L:Present R:absent,115,5,15,1,5.979315,6.655591,0.6762757,0.1184999,False,0,1
2026-03-11,10672,L:Present R:absent,116,5,16,1,1.831984,2.477906,0.6459212,0.1184999,False,0,1
2026-03-11,10672,L:Present R:absent,116,5,16,1,2.863748,3.424391,0.5606437,0.1074999,False,0,1
2026-03-11,10672,L:Present R:absent,116,5,16,1,3.901368,4.360734,0.4593658,0.1074999,False,0,1
2026-03-11,10672,L:Present R:absent,116,5,16,1,4.945582,5.466343,0.520761,0.09649991,False,0,1
2026-03-11,10672,L:Present R:absent,116,5,16,1,5.991408,6.453018,0.4616094,0.09649991,True,0,0
2026-03-11,10672,L:Present R:absent,117,5,17,1,3.091177,3.705623,0.6144459,0.1074999,True,0,0
2026-03-11,10672,L:Present R:absent,117,5,17,1,4.127355,4.148557,0.02120209,0.1184999,False,1,0
2026-03-11,10672,L:Present R:absent,117,5,17,1,5.165653,5.760553,0.5949001,0.1294999,True,1,1
2026-03-11,10672,L:Present R:absent,117,5,17,1,6.218595,6.820963,0.6023688,0.1294999,False,0,1
2026-03-11,10672,L:Present R:absent,118,5,18,1,3.033134,3.670903,0.6377697,0.1184999,True,1,1
2026-03-11,10672,L:Present R:absent,118,5,18,1,4.109272,4.722529,0.6132565,0.1184999,False,0,1
2026-03-11,10672,L:Present R:absent,118,5,18,1,5.151794,5.846034,0.6942401,0.1074999,False,1,0
2026-03-11,10672,L:Present R:absent,118,5,18,1,6.197301,6.820558,0.6232567,0.1184999,False,1,0
2026-03-11,10672,L:Present R:absent,119,5,19,1,2.206892,2.896384,0.689492,0.1294999,True,1,1
2026-03-11,10672,L:Present R:absent,119,5,19,1,3.254694,3.869834,0.61514,0.1294999,False,0,1
2026-03-11,10672,L:Present R:absent,119,5,19,1,4.281397,4.919423,0.6380258,0.1184999,True,1,1
2026-03-11,10672,L:Present R:absent,119,5,19,1,5.324667,5.881999,0.5573311,0.1184999,True,1,1
2026-03-11,10672,L:Present R:absent,120,6,0,2,2.322059,2.862883,0.5408247,0.1074999,False,0,1
2026-03-11,10672,L:Present R:absent,120,6,0,2,3.361617,3.878224,0.516607,0.08799991,False,0,1
2026-03-11,10672,L:Present R:absent,120,6,0,2,4.403535,5.101199,0.6976633,0.07699991,False,0,1
2026-03-11,10672,L:Present R:absent,120,6,0,2,5.438564,6.032748,0.5941844,0.07699991,False,0,1
2026-03-11,10672,L:Present R:absent,120,6,0,2,6.466106,6.96448,0.4983745,0.06599991,False,0,1
2026-03-11,10672,L:Present R:absent,121,6,1,2,2.371767,2.904129,0.532362,0.06599991,False,0,1
2026-03-11,10672,L:Present R:absent,121,6,1,2,4.455157,4.824322,0.3691654,0.05499991,True,0,0
2026-03-11,10672,L:Present R:absent,121,6,1,2,5.511262,6.088529,0.5772667,0.06599991,False,0,1
2026-03-11,10672,L:Present R:absent,121,6,1,2,6.554056,7.129317,0.5752606,0.06599991,False,0,1
2026-03-11,10672,L:Present R:absent,122,6,2,2,3.685404,4.081028,0.3956237,0.05499991,True,0,0
2026-03-11,10672,L:Present R:absent,122,6,2,2,4.71186,5.186785,0.474925,0.06599991,False,0,1
2026-03-11,10672,L:Present R:absent,122,6,2,2,5.765225,6.34459,0.5793643,0.06599991,False,0,1
2026-03-11,10672,L:Present R:absent,122,6,2,2,6.790983,7.346265,0.5552816,0.05499991,True,0,0
2026-03-11,10672,L:Present R:absent,123,6,3,2,2.514158,3.031435,0.5172765,0.06599991,False,0,1
2026-03-11,10672,L:Present R:absent,123,6,3,2,3.554729,4.132228,0.5774999,0.06599991,True,0,0
2026-03-11,10672,L:Present R:absent,123,6,3,2,4.601502,5.163954,0.5624514,0.07699991,False,0,1
2026-03-11,10672,L:Present R:absent,123,6,3,2,5.635139,6.234597,0.5994577,0.07699991,False,0,1
2026-03-11,10672,L:Present R:absent,123,6,3,2,6.66843,7.283157,0.614727,0.06599991,True,0,0
2026-03-11,10672,L:Present R:absent,124,6,4,2,3.125824,3.663958,0.5381336,0.07699991,True,0,0
2026-03-11,10672,L:Present R:absent,124,6,4,2,4.177059,4.929666,0.7526069,0.08799991,True,1,1
2026-03-11,10672,L:Present R:absent,124,6,4,2,5.238844,5.746357,0.507513,0.08799991,True,0,0
2026-03-11,10672,L:Present R:absent,124,6,4,2,6.280849,6.864533,0.5836844,0.09899991,False,0,1
2026-03-11,10672,L:Present R:absent,125,6,5,2,2.520475,2.989477,0.4690022,0.09899991,False,0,1
2026-03-11,10672,L:Present R:absent,125,6,5,2,3.562348,4.210358,0.6480098,0.08799991,True,0,0
2026-03-11,10672,L:Present R:absent,125,6,5,2,5.63849,6.32984,0.6913505,0.09899991,False,0,1
2026-03-11,10672,L:Present R:absent,125,6,5,2,6.731361,7.400011,0.6686497,0.09899991,True,1,1
2026-03-11,10672,L:Present R:absent,126,6,6,2,1.833664,2.623727,0.7900633,0.08799991,True,0,0
2026-03-11,10672,L:Present R:absent,126,6,6,2,2.874073,3.431986,0.5579135,0.09899991,False,0,1
2026-03-11,10672,L:Present R:absent,126,6,6,2,3.900204,4.575488,0.6752839,0.09899991,False,0,1
2026-03-11,10672,L:Present R:absent,126,6,6,2,4.953066,5.496765,0.5436983,0.08799991,True,1,1
2026-03-11,10672,L:Present R:absent,126,6,6,2,5.989828,6.561348,0.5715203,0.08799991,False,0,1
2026-03-11,10672,L:Present R:absent,127,6,7,2,2.792826,3.26658,0.4737546,0.07699991,False,0,1
2026-03-11,10672,L:Present R:absent,127,6,7,2,3.83269,4.342017,0.5093262,0.07699991,True,0,0
2026-03-11,10672,L:Present R:absent,127,6,7,2,4.860317,5.4875,0.6271825,0.08799991,False,0,1
2026-03-11,10672,L:Present R:absent,127,6,7,2,5.901064,6.499102,0.5980382,0.08799991,True,1,1
2026-03-11,10672,L:Present R:absent,128,6,8,2,1.95966,2.430423,0.4707628,0.07699991,False,0,1
2026-03-11,10672,L:Present R:absent,128,6,8,2,2.996733,3.598195,0.6014616,0.07699991,False,0,1
2026-03-11,10672,L:Present R:absent,128,6,8,2,4.026675,4.646158,0.6194825,0.06599991,True,0,0
2026-03-11,10672,L:Present R:absent,128,6,8,2,5.061244,5.700481,0.6392374,0.07699991,False,0,1
2026-03-11,10672,L:Present R:absent,128,6,8,2,6.098825,6.79153,0.6927052,0.07699991,False,1,0
2026-03-11,10672,L:Present R:absent,129,6,9,2,2.067212,2.615505,0.5482926,0.08799991,False,0,1
2026-03-11,10672,L:Present R:absent,129,6,9,2,3.108154,3.878587,0.7704325,0.08799991,True,0,0
2026-03-11,10672,L:Present R:absent,129,6,9,2,5.171018,5.627877,0.4568591,0.09899991,True,0,0
2026-03-11,10672,L:Present R:absent,129,6,9,2,6.216441,7.027226,0.8107853,0.1099999,False,0,1
2026-03-11,10672,L:Present R:absent,130,6,10,2,2.113961,2.71629,0.6023293,0.1099999,False,0,1
2026-03-11,10672,L:Present R:absent,130,6,10,2,3.146964,3.804832,0.6578684,0.09899991,False,0,1
2026-03-11,10672,L:Present R:absent,130,6,10,2,4.197754,4.755072,0.5573182,0.09899991,True,1,1
2026-03-11,10672,L:Present R:absent,130,6,10,2,5.237556,5.924595,0.6870389,0.08799991,True,1,1
2026-03-11,10672,L:Present R:absent,130,6,10,2,6.297689,6.955394,0.6577048,0.08799991,True,1,1
2026-03-11,10672,L:Present R:absent,131,6,11,2,2.622812,3.272517,0.6497054,0.07699991,False,1,0
2026-03-11,10672,L:Present R:absent,131,6,11,2,3.665746,4.420048,0.7543015,0.08799991,True,1,1
2026-03-11,10672,L:Present R:absent,131,6,11,2,4.699537,5.437917,0.73838,0.08799991,True,1,1
2026-03-11,10672,L:Present R:absent,131,6,11,2,5.743883,6.418031,0.6741481,0.07699991,False,0,1
2026-03-11,10672,L:Present R:absent,131,6,11,2,6.804115,7.374603,0.5704875,0.07699991,False,0,1
2026-03-11,10672,L:Present R:absent,132,6,12,2,2.523913,3.171155,0.6472421,0.06599991,True,1,1
2026-03-11,10672,L:Present R:absent,132,6,12,2,3.564577,4.047741,0.4831648,0.06599991,False,0,1
2026-03-11,10672,L:Present R:absent,132,6,12,2,4.606957,5.191259,0.5843024,0.05499991,True,1,1
2026-03-11,10672,L:Present R:absent,132,6,12,2,5.652279,6.30696,0.6546803,0.05499991,True,1,1
2026-03-11,10672,L:Present R:absent,132,6,12,2,6.697865,7.303662,0.6057968,0.04399991,True,0,0
2026-03-11,10672,L:Present R:absent,133,6,13,2,1.866327,2.383478,0.5171515,0.05499991,False,0,1
2026-03-11,10672,L:Present R:absent,133,6,13,2,2.91588,3.410499,0.4946194,0.05499991,True,0,0
2026-03-11,10672,L:Present R:absent,133,6,13,2,3.957511,4.639479,0.6819677,0.06599991,True,1,1
2026-03-11,10672,L:Present R:absent,133,6,13,2,4.998906,5.673824,0.6749177,0.06599991,False,1,0
2026-03-11,10672,L:Present R:absent,133,6,13,2,6.033602,6.650036,0.6164336,0.07699991,True,0,0
2026-03-11,10672,L:Present R:absent,134,6,14,2,3.852891,4.457004,0.6041121,0.08799991,True,0,0
2026-03-11,10672,L:Present R:absent,134,6,14,2,4.896167,5.65081,0.754643,0.09899991,False,0,1
2026-03-11,10672,L:Present R:absent,134,6,14,2,5.940755,6.744213,0.8034577,0.09899991,False,1,0
2026-03-11,10672,L:Present R:absent,135,6,15,2,2.158401,2.827443,0.6690412,0.1099999,True,1,1
2026-03-11,10672,L:Present R:absent,135,6,15,2,3.190761,3.975441,0.7846794,0.1099999,True,1,1
2026-03-11,10672,L:Present R:absent,135,6,15,2,4.22563,4.885372,0.6597419,0.09899991,False,1,0
2026-03-11,10672,L:Present R:absent,135,6,15,2,5.285734,5.783721,0.4979877,0.1099999,True,0,0
2026-03-11,10672,L:Present R:absent,135,6,15,2,6.650943,7.432802,0.7818589,0.1209999,False,0,1
2026-03-11,10672,L:Present R:absent,136,6,16,2,2.566879,3.245658,0.6787791,0.1209999,False,1,0
2026-03-11,10672,L:Present R:absent,136,6,16,2,3.606724,4.177102,0.5703781,0.1319999,True,1,1
2026-03-11,10672,L:Present R:absent,136,6,16,2,4.648313,5.21632,0.568007,0.1319999,False,1,0
2026-03-11,10672,L:Present R:absent,136,6,16,2,5.927655,6.405462,0.477807,0.1429999,False,0,1
2026-03-11,10672,L:Present R:absent,137,6,17,2,2.079278,2.64372,0.5644419,0.1429999,True,0,0
2026-03-11,10672,L:Present R:absent,137,6,17,2,3.113765,3.624494,0.5107293,0.1539999,True,1,1
2026-03-11,10672,L:Present R:absent,137,6,17,2,4.145828,4.708172,0.5623441,0.1539999,False,1,0
2026-03-11,10672,L:Present R:absent,137,6,17,2,6.231527,6.810837,0.5793095,0.1649999,True,1,1
2026-03-11,10672,L:Present R:absent,138,6,18,2,2.695569,3.253599,0.5580306,0.1649999,False,0,1
2026-03-11,10672,L:Present R:absent,138,6,18,2,3.749166,4.257671,0.5085051,0.1539999,False,0,1
2026-03-11,10672,L:Present R:absent,138,6,18,2,5.831074,6.476059,0.6449857,0.1539999,False,0,1
2026-03-11,10672,L:Present R:absent,138,6,18,2,6.868196,7.37888,0.5106835,0.1429999,False,0,1
2026-03-11,10672,L:Present R:absent,139,6,19,2,1.919983,2.564973,0.6449904,0.1429999,True,1,1
2026-03-11,10672,L:Present R:absent,139,6,19,2,2.968759,3.463463,0.494704,0.1319999,True,1,1
2026-03-11,10672,L:Present R:absent,139,6,19,2,5.046469,5.55924,0.5127707,0.1319999,True,1,1
2026-03-11,10672,L:Present R:absent,139,6,19,2,6.094178,6.697978,0.6038003,0.1209999,True,1,1
2026-03-11,10672,L:Present R:absent,140,7,0,2,1.894226,2.454975,0.5607494,0.1209999,False,0,1
2026-03-11,10672,L:Present R:absent,140,7,0,2,2.932486,3.38694,0.4544535,0.1099999,True,0,0
2026-03-11,10672,L:Present R:absent,140,7,0,2,3.970167,4.537383,0.5672152,0.1209999,False,0,1
2026-03-11,10672,L:Present R:absent,140,7,0,2,5.010139,5.580167,0.5700278,0.1209999,False,0,1
2026-03-11,10672,L:Present R:absent,140,7,0,2,6.06565,6.600669,0.5350184,0.1099999,True,0,0
2026-03-11,10672,L:Present R:absent,141,7,1,2,2.461477,2.9059,0.4444234,0.1209999,False,0,1
2026-03-11,10672,L:Present R:absent,141,7,1,2,3.512763,4.077656,0.5648932,0.1209999,True,0,0
2026-03-11,10672,L:Present R:absent,141,7,1,2,4.547322,5.1187,0.5713782,0.1319999,False,0,1
2026-03-11,10672,L:Present R:absent,141,7,1,2,5.596728,6.370789,0.7740612,0.1319999,True,0,0
2026-03-11,10672,L:Present R:absent,141,7,1,2,6.635844,7.260565,0.6247206,0.1429999,False,0,1
2026-03-11,10672,L:Present R:absent,142,7,2,2,3.069326,3.695946,0.6266191,0.1429999,True,1,1
2026-03-11,10672,L:Present R:absent,142,7,2,2,4.106037,4.659902,0.5538654,0.1319999,True,1,1
2026-03-11,10672,L:Present R:absent,142,7,2,2,5.15263,5.741034,0.5884032,0.1319999,False,1,0
2026-03-11,10672,L:Present R:absent,142,7,2,2,6.195357,6.699349,0.5039916,0.1429999,False,0,1
2026-03-11,10672,L:Present R:absent,143,7,3,2,3.029283,3.646986,0.6177025,0.1429999,False,0,1
2026-03-11,10672,L:Present R:absent,143,7,3,2,4.068383,4.484903,0.4165201,0.1319999,False,0,1
2026-03-11,10672,L:Present R:absent,143,7,3,2,5.097216,5.74113,0.6439147,0.1319999,True,0,0
2026-03-11,10672,L:Present R:absent,143,7,3,2,6.139764,6.795982,0.6562181,0.1429999,False,0,1
2026-03-11,10672,L:Present R:absent,144,7,4,2,2.312697,3.047878,0.7351813,0.1429999,True,1,1
2026-03-11,10672,L:Present R:absent,144,7,4,2,3.357237,3.377912,0.02067494,0.1319999,False,1,0
2026-03-11,10672,L:Present R:absent,144,7,4,2,4.382869,5.108867,0.7259979,0.1429999,False,1,0
2026-03-11,10672,L:Present R:absent,144,7,4,2,5.431466,5.973952,0.5424857,0.1539999,True,1,1
2026-03-11,10672,L:Present R:absent,144,7,4,2,6.46392,7.07279,0.60887,0.1539999,False,0,1
2026-03-11,10672,L:Present R:absent,145,7,5,2,2.627817,3.170295,0.5424783,0.1429999,False,0,1
2026-03-11,10672,L:Present R:absent,145,7,5,2,3.675768,4.365895,0.6901264,0.1429999,False,0,1
2026-03-11,10672,L:Present R:absent,145,7,5,2,4.728944,5.552437,0.8234925,0.1319999,False,0,1
2026-03-11,10672,L:Present R:absent,145,7,5,2,5.766081,6.41598,0.6498985,0.1319999,True,1,1
2026-03-11,10672,L:Present R:absent,146,7,6,2,2.857588,3.714308,0.8567204,0.1209999,True,0,0
2026-03-11,10672,L:Present R:absent,146,7,6,2,3.900795,4.709469,0.8086743,0.1319999,False,0,1
2026-03-11,10672,L:Present R:absent,146,7,6,2,4.961154,5.591515,0.6303606,0.1319999,False,0,1
2026-03-11,10672,L:Present R:absent,146,7,6,2,5.99991,6.713763,0.7138529,0.1209999,True,1,1
2026-03-11,10672,L:Present R:absent,147,7,7,2,2.505999,3.142598,0.6365991,0.1209999,False,0,1
2026-03-11,10672,L:Present R:absent,147,7,7,2,3.552516,4.289677,0.7371604,0.1099999,True,0,0
2026-03-11,10672,L:Present R:absent,147,7,7,2,5.644766,6.412109,0.767343,0.1209999,False,0,1
2026-03-11,10672,L:Present R:absent,147,7,7,2,6.705378,7.498416,0.7930388,0.1209999,False,0,1
2026-03-11,10672,L:Present R:absent,148,7,8,2,2.482048,2.984893,0.5028453,0.1099999,False,0,1
2026-03-11,10672,L:Present R:absent,148,7,8,2,3.518243,4.219596,0.7013531,0.1099999,True,1,1
2026-03-11,10672,L:Present R:absent,148,7,8,2,4.573147,5.254734,0.6815867,0.09899991,True,1,1
2026-03-11,10672,L:Present R:absent,148,7,8,2,5.637022,6.466711,0.8296895,0.09899991,False,0,1
2026-03-11,10672,L:Present R:absent,149,7,9,2,3.464253,3.988572,0.5243187,0.08799991,False,0,1
2026-03-11,10672,L:Present R:absent,149,7,9,2,4.50203,4.961265,0.4592347,0.08799991,True,0,0
2026-03-11,10672,L:Present R:absent,149,7,9,2,5.535585,5.998993,0.463408,0.09899991,False,0,1
2026-03-11,10672,L:Present R:absent,149,7,9,2,6.582509,7.062107,0.4795985,0.09899991,True,0,0
2026-03-11,10672,L:Present R:absent,150,7,10,2,2.369006,2.889063,0.520057,0.1099999,True,0,0
2026-03-11,10672,L:Present R:absent,150,7,10,2,3.394882,3.959106,0.5642242,0.1209999,False,0,1
2026-03-11,10672,L:Present R:absent,150,7,10,2,5.578716,6.125519,0.546803,0.1209999,False,0,1
2026-03-11,10672,L:Present R:absent,151,7,11,2,2.211721,2.641641,0.4299207,0.1099999,True,0,0
2026-03-11,10672,L:Present R:absent,151,7,11,2,3.266721,3.754039,0.4873183,0.1209999,False,0,1
2026-03-11,10672,L:Present R:absent,151,7,11,2,4.316911,4.794123,0.4772124,0.1209999,False,0,1
2026-03-11,10672,L:Present R:absent,151,7,11,2,5.358156,5.993056,0.6349001,0.1099999,True,0,0
2026-03-11,10672,L:Present R:absent,151,7,11,2,6.4053,6.92213,0.51683,0.1209999,False,0,1
2026-03-11,10672,L:Present R:absent,152,7,12,2,2.60041,3.292657,0.6922472,0.1209999,True,0,0
2026-03-11,10672,L:Present R:absent,152,7,12,2,3.657154,4.258633,0.6014791,0.1319999,True,1,1
2026-03-11,10672,L:Present R:absent,152,7,12,2,4.705525,5.1904,0.4848742,0.1319999,True,1,1
2026-03-11,10672,L:Present R:absent,152,7,12,2,5.744879,6.243463,0.4985838,0.1209999,True,0,0
2026-03-11,10672,L:Present R:absent,152,7,12,2,6.772269,7.367307,0.5950375,0.1319999,True,1,1
2026-03-11,10672,L:Present R:absent,153,7,13,2,2.167933,2.647936,0.4800034,0.1319999,True,1,1
2026-03-11,10672,L:Present R:absent,153,7,13,2,3.211888,3.858824,0.6469355,0.1209999,False,0,1
2026-03-11,10672,L:Present R:absent,153,7,13,2,4.25481,5.032586,0.7777758,0.1209999,False,0,1
2026-03-11,10672,L:Present R:absent,153,7,13,2,5.303593,5.82654,0.5229464,0.1099999,False,0,1
2026-03-11,10672,L:Present R:absent,153,7,13,2,6.355578,6.984858,0.6292791,0.1099999,True,1,1
2026-03-11,10672,L:Present R:absent,154,7,14,2,2.217902,2.824812,0.6069095,0.09899991,True,0,0
2026-03-11,10672,L:Present R:absent,154,7,14,2,3.271398,4.125755,0.854357,0.1099999,False,0,1
2026-03-11,10672,L:Present R:absent,154,7,14,2,4.307904,5.214711,0.9068074,0.1099999,True,1,1
2026-03-11,10672,L:Present R:absent,154,7,14,2,5.369458,5.392996,0.02353764,0.09899991,False,1,0
2026-03-11,10672,L:Present R:absent,154,7,14,2,6.418634,7.050484,0.6318502,0.1099999,True,0,0
2026-03-11,10672,L:Present R:absent,155,7,15,2,1.786438,2.329424,0.5429868,0.1209999,False,0,1
2026-03-11,10672,L:Present R:absent,155,7,15,2,2.83572,3.495095,0.6593754,0.1209999,True,0,0
2026-03-11,10672,L:Present R:absent,155,7,15,2,3.875005,4.473377,0.5983725,0.1319999,True,1,1
2026-03-11,10672,L:Present R:absent,155,7,15,2,4.911419,5.496566,0.5851464,0.1319999,True,1,1
2026-03-11,10672,L:Present R:absent,155,7,15,2,6.168425,6.774579,0.606154,0.1209999,True,1,1
2026-03-11,10672,L:Present R:absent,156,7,16,2,2.652492,3.209141,0.5566487,0.1209999,False,0,1
2026-03-11,10672,L:Present R:absent,156,7,16,2,3.682064,4.378514,0.6964502,0.1099999,False,0,1
2026-03-11,10672,L:Present R:absent,156,7,16,2,4.71079,5.326059,0.6152692,0.1099999,True,1,1
2026-03-11,10672,L:Present R:absent,156,7,16,2,5.755075,6.221518,0.4664426,0.09899991,True,1,1
2026-03-11,10672,L:Present R:absent,156,7,16,2,6.786941,7.281925,0.4949841,0.09899991,True,1,1
2026-03-11,10672,L:Present R:absent,157,7,17,2,2.175443,2.693892,0.5184488,0.08799991,False,0,1
2026-03-11,10672,L:Present R:absent,157,7,17,2,3.223284,3.870044,0.6467595,0.08799991,False,0,1
2026-03-11,10672,L:Present R:absent,157,7,17,2,4.279085,4.834831,0.5557456,0.07699991,False,0,1
2026-03-11,10672,L:Present R:absent,157,7,17,2,5.32406,5.830061,0.506001,0.07699991,True,0,0
2026-03-11,10672,L:Present R:absent,157,7,17,2,6.468465,7.105051,0.6365852,0.08799991,False,0,1
2026-03-11,10672,L:Present R:absent,158,7,18,2,2.858236,3.561845,0.7036088,0.08799991,True,1,1
2026-03-11,10672,L:Present R:absent,158,7,18,2,3.905349,4.408194,0.5028441,0.07699991,True,0,0
2026-03-11,10672,L:Present R:absent,158,7,18,2,4.93948,5.630565,0.6910844,0.08799991,True,1,1
2026-03-11,10672,L:Present R:absent,158,7,18,2,5.97717,6.596822,0.6196513,0.08799991,True,0,0
2026-03-11,10672,L:Present R:absent,159,7,19,2,2.332823,2.939327,0.6065042,0.09899991,False,0,1
2026-03-11,10672,L:Present R:absent,159,7,19,2,3.373123,4.005776,0.6326535,0.09899991,False,0,1
2026-03-11,10672,L:Present R:absent,159,7,19,2,4.424857,4.854158,0.4293013,0.08799991,True,0,0
2026-03-11,10672,L:Present R:absent,159,7,19,2,5.464664,6.00119,0.5365267,0.09899991,True,1,1
2026-03-11,10672,L:Present R:absent,159,7,19,2,6.502561,7.0616,0.5590386,0.09899991,False,0,1
2026-03-11,10672,L:Present R:absent,160,8,0,2,3.397023,3.900263,0.5032392,0.08799991,True,0,0
2026-03-11,10672,L:Present R:absent,160,8,0,2,4.436654,4.921935,0.4852815,0.09899991,True,0,0
2026-03-11,10672,L:Present R:absent,160,8,0,2,5.466639,6.006096,0.5394568,0.1099999,False,0,1
2026-03-11,10672,L:Present R:absent,160,8,0,2,6.515028,7.230591,0.7155628,0.1099999,False,0,1
2026-03-11,10672,L:Present R:absent,161,8,1,2,1.852306,2.314937,0.4626309,0.09899991,False,0,1
2026-03-11,10672,L:Present R:absent,161,8,1,2,3.941402,4.34558,0.4041779,0.09899991,False,0,1
2026-03-11,10672,L:Present R:absent,161,8,1,2,5.002499,5.517685,0.5151868,0.08799991,False,0,1
2026-03-11,10672,L:Present R:absent,161,8,1,2,6.340878,6.800578,0.4597006,0.08799991,True,0,0
2026-03-11,10672,L:Present R:absent,162,8,2,2,1.924339,2.409341,0.4850019,0.09899991,False,0,1
2026-03-11,10672,L:Present R:absent,162,8,2,2,2.963231,3.378883,0.415652,0.09899991,False,0,1
2026-03-11,10672,L:Present R:absent,162,8,2,2,4.003285,4.519588,0.5163031,0.08799991,True,0,0
2026-03-11,10672,L:Present R:absent,162,8,2,2,5.044065,5.611805,0.5677409,0.09899991,False,0,1
2026-03-11,10672,L:Present R:absent,162,8,2,2,6.130959,6.77706,0.6461015,0.09899991,False,0,1
2026-03-11,10672,L:Present R:absent,163,8,3,2,2.935949,3.379704,0.4437559,0.08799991,False,0,1
2026-03-11,10672,L:Present R:absent,163,8,3,2,3.994149,4.65893,0.6647809,0.08799991,False,0,1
2026-03-11,10672,L:Present R:absent,163,8,3,2,5.026159,5.479972,0.4538131,0.07699991,False,0,1
2026-03-11,10672,L:Present R:absent,163,8,3,2,6.067038,6.510967,0.4439292,0.07699991,True,0,0
2026-03-11,10672,L:Present R:absent,164,8,4,2,2.939613,3.400607,0.460994,0.08799991,False,0,1
2026-03-11,10672,L:Present R:absent,164,8,4,2,3.993859,4.486657,0.4927979,0.08799991,False,0,1
2026-03-11,10672,L:Present R:absent,164,8,4,2,5.033298,5.544146,0.5108485,0.07699991,False,0,1
2026-03-11,10672,L:Present R:absent,164,8,4,2,6.092364,6.596719,0.504355,0.07699991,True,0,0
2026-03-11,10672,L:Present R:absent,165,8,5,2,2.559708,3.124283,0.5645752,0.08799991,False,0,1
2026-03-11,10672,L:Present R:absent,165,8,5,2,3.597852,3.999238,0.4013858,0.08799991,True,0,0
2026-03-11,10672,L:Present R:absent,165,8,5,2,4.63198,5.210705,0.5787249,0.09899991,False,0,1
2026-03-11,10672,L:Present R:absent,165,8,5,2,5.929107,6.519927,0.5908203,0.09899991,True,0,0
2026-03-11,10672,L:Present R:absent,166,8,6,2,2.983027,3.509485,0.5264578,0.1099999,False,0,1
2026-03-11,10672,L:Present R:absent,166,8,6,2,4.033065,4.631084,0.5980191,0.1099999,False,0,1
2026-03-11,10672,L:Present R:absent,166,8,6,2,5.070503,5.625453,0.5549502,0.09899991,False,0,1
2026-03-11,10672,L:Present R:absent,166,8,6,2,6.117282,6.682734,0.5654516,0.09899991,True,0,0
2026-03-11,10672,L:Present R:absent,167,8,7,2,2.117017,2.786461,0.6694436,0.1099999,False,0,1
2026-03-11,10672,L:Present R:absent,167,8,7,2,3.155625,3.753272,0.5976467,0.1099999,True,0,0
2026-03-11,10672,L:Present R:absent,167,8,7,2,4.209534,4.754018,0.5444846,0.1209999,True,1,1
2026-03-11,10672,L:Present R:absent,167,8,7,2,5.249622,5.737623,0.4880009,0.1209999,True,1,1
2026-03-11,10672,L:Present R:absent,167,8,7,2,6.457796,6.897199,0.4394035,0.1099999,True,1,1
2026-03-11,10672,L:Present R:absent,168,8,8,2,3.788729,4.396848,0.608119,0.1099999,True,0,0
2026-03-11,10672,L:Present R:absent,168,8,8,2,4.835221,5.535345,0.7001233,0.1209999,False,0,1
2026-03-11,10672,L:Present R:absent,168,8,8,2,5.879402,6.534024,0.6546216,0.1209999,True,1,1
2026-03-11,10672,L:Present R:absent,169,8,9,2,2.89536,3.707079,0.8117192,0.1099999,False,0,1
2026-03-11,10672,L:Present R:absent,169,8,9,2,3.931534,4.602946,0.6714118,0.1099999,False,0,1
2026-03-11,10672,L:Present R:absent,169,8,9,2,4.969539,5.58042,0.6108813,0.09899991,True,1,1
2026-03-11,10672,L:Present R:absent,169,8,9,2,6.013426,6.776124,0.7626982,0.09899991,False,1,0
2026-03-11,10672,L:Present R:absent,169,8,9,2,7.060935,7.084262,0.02332735,0.1099999,False,0,1
2026-03-11,10672,L:Present R:absent,170,8,10,2,1.687035,2.145627,0.4585923,0.1099999,True,0,0
2026-03-11,10672,L:Present R:absent,170,8,10,2,2.755287,3.501448,0.7461603,0.1209999,True,1,1
2026-03-11,10672,L:Present R:absent,170,8,10,2,3.809781,4.50963,0.6998494,0.1209999,True,0,0
2026-03-11,10672,L:Present R:absent,170,8,10,2,4.853414,4.875216,0.02180243,0.1319999,True,0,0
2026-03-11,10672,L:Present R:absent,170,8,10,2,5.978348,6.77707,0.7987223,0.1429999,True,1,1
2026-03-11,10672,L:Present R:absent,171,8,11,2,1.730385,2.358228,0.6278435,0.1429999,True,1,1
2026-03-11,10672,L:Present R:absent,171,8,11,2,2.769976,3.333313,0.5633366,0.1319999,False,0,1
2026-03-11,10672,L:Present R:absent,171,8,11,2,3.799617,4.382289,0.5826721,0.1319999,True,1,1
2026-03-11,10672,L:Present R:absent,171,8,11,2,4.841,5.297153,0.4561529,0.1209999,True,1,1
2026-03-11,10672,L:Present R:absent,171,8,11,2,5.887089,6.491369,0.6042805,0.1209999,False,0,1
2026-03-11,10672,L:Present R:absent,172,8,12,2,1.699993,2.530578,0.8305858,0.1099999,True,1,1
2026-03-11,10672,L:Present R:absent,172,8,12,2,2.750622,3.27625,0.5256281,0.1099999,False,0,1
2026-03-11,10672,L:Present R:absent,172,8,12,2,3.795257,4.363255,0.5679977,0.09899991,True,1,1
2026-03-11,10672,L:Present R:absent,172,8,12,2,4.892246,5.364056,0.4718103,0.09899991,True,1,1
2026-03-11,10672,L:Present R:absent,173,8,13,2,1.952866,2.465043,0.5121766,0.08799991,True,1,1
2026-03-11,10672,L:Present R:absent,173,8,13,2,2.995416,3.723111,0.727695,0.08799991,False,0,1
2026-03-11,10672,L:Present R:absent,173,8,13,2,4.026746,4.60495,0.5782042,0.07699991,True,1,1
2026-03-11,10672,L:Present R:absent,173,8,13,2,5.074945,5.625734,0.5507889,0.07699991,True,0,0
2026-03-11,10672,L:Present R:absent,173,8,13,2,6.098872,6.699695,0.6008234,0.08799991,True,0,0
2026-03-11,10672,L:Present R:absent,174,8,14,2,1.738966,2.2438,0.5048341,0.09899991,False,0,1
2026-03-11,10672,L:Present R:absent,174,8,14,2,2.772861,3.452412,0.6795509,0.09899991,False,0,1
2026-03-11,10672,L:Present R:absent,174,8,14,2,3.814374,4.445528,0.6311536,0.08799991,True,1,1
2026-03-11,10672,L:Present R:absent,174,8,14,2,4.85305,5.518181,0.6651306,0.08799991,False,1,0
2026-03-11,10672,L:Present R:absent,174,8,14,2,5.922254,6.819277,0.8970237,0.09899991,False,0,1
2026-03-11,10672,L:Present R:absent,175,8,15,2,2.143981,2.648223,0.5042419,0.09899991,False,0,1
2026-03-11,10672,L:Present R:absent,175,8,15,2,3.18596,3.632031,0.4460709,0.08799991,True,0,0
2026-03-11,10672,L:Present R:absent,175,8,15,2,4.242654,4.775525,0.5328712,0.09899991,False,0,1
2026-03-11,10672,L:Present R:absent,175,8,15,2,5.29256,5.913531,0.6209717,0.09899991,True,1,1
2026-03-11,10672,L:Present R:absent,175,8,15,2,6.343297,6.91351,0.5702133,0.08799991,True,1,1
2026-03-11,10672,L:Present R:absent,176,8,16,2,2.285988,2.976343,0.6903546,0.08799991,True,0,0
2026-03-11,10672,L:Present R:absent,176,8,16,2,3.32797,4.04215,0.71418,0.09899991,True,1,1
2026-03-11,10672,L:Present R:absent,176,8,16,2,4.371359,4.888318,0.5169587,0.09899991,False,0,1
2026-03-11,10672,L:Present R:absent,176,8,16,2,5.399299,5.887949,0.4886498,0.08799991,True,1,1
2026-03-11,10672,L:Present R:absent,176,8,16,2,6.711822,7.194445,0.4826231,0.08799991,True,0,0
2026-03-11,10672,L:Present R:absent,177,8,17,2,2.610261,3.075461,0.4651997,0.09899991,False,0,1
2026-03-11,10672,L:Present R:absent,177,8,17,2,3.64574,4.117386,0.4716468,0.09899991,True,0,0
2026-03-11,10672,L:Present R:absent,177,8,17,2,4.682889,5.280015,0.5971265,0.1099999,True,1,1
2026-03-11,10672,L:Present R:absent,178,8,18,2,2.289815,2.874704,0.5848894,0.1099999,True,1,1
2026-03-11,10672,L:Present R:absent,178,8,18,2,3.324172,3.864671,0.540499,0.09899991,True,1,1
2026-03-11,10672,L:Present R:absent,178,8,18,2,4.356593,4.933892,0.5772996,0.09899991,False,0,1
2026-03-11,10672,L:Present R:absent,178,8,18,2,5.388404,5.910939,0.5225344,0.08799991,True,0,0
2026-03-11,10672,L:Present R:absent,178,8,18,2,6.420169,7.220336,0.8001666,0.09899991,True,1,1
2026-03-11,10672,L:Present R:absent,179,8,19,2,2.426291,2.913789,0.4874973,0.09899991,False,0,1
2026-03-11,10672,L:Present R:absent,179,8,19,2,3.470925,4.014884,0.5439591,0.08799991,True,0,0
2026-03-11,10672,L:Present R:absent,179,8,19,2,4.495758,4.945922,0.4501648,0.09899991,True,0,0
2026-03-11,10672,L:Present R:absent,179,8,19,2,5.533264,6.171429,0.6381655,0.1099999,False,0,1
2026-03-11,10672,L:Present R:absent,179,8,19,2,6.579607,7.314204,0.7345967,0.1099999,False,0,1
2026-03-11,10672,L:Present R:absent,180,9,0,1,2.397863,2.996933,0.5990703,0.09899991,False,0,1
2026-03-11,10672,L:Present R:absent,180,9,0,1,3.448206,3.90122,0.4530141,0.1074999,False,0,1
2026-03-11,10672,L:Present R:absent,180,9,0,1,4.475618,4.93484,0.4592218,0.09649991,True,0,0
2026-03-11,10672,L:Present R:absent,180,9,0,1,5.517028,6.090758,0.5737295,0.1074999,True,0,0
2026-03-11,10672,L:Present R:absent,180,9,0,1,6.558287,7.049724,0.491437,0.1184999,True,0,0
2026-03-11,10672,L:Present R:absent,181,9,1,1,3.487898,4.449555,0.961657,0.1294999,True,1,1
2026-03-11,10672,L:Present R:absent,181,9,1,1,4.518429,4.539497,0.02106762,0.1294999,True,1,1
2026-03-11,10672,L:Present R:absent,181,9,1,1,5.566834,6.208738,0.6419034,0.1184999,False,0,1
2026-03-11,10672,L:Present R:absent,181,9,1,1,6.664252,7.3723,0.7080474,0.1184999,False,0,1
2026-03-11,10672,L:Present R:absent,182,9,2,1,2.167276,2.653331,0.4860554,0.1074999,False,0,1
2026-03-11,10672,L:Present R:absent,182,9,2,1,3.213007,3.76112,0.5481122,0.1074999,False,0,1
2026-03-11,10672,L:Present R:absent,182,9,2,1,4.255428,4.832733,0.5773044,0.09649991,True,1,1
2026-03-11,10672,L:Present R:absent,182,9,2,1,5.304369,5.908022,0.603653,0.09649991,True,0,0
2026-03-11,10672,L:Present R:absent,182,9,2,1,6.421006,6.933657,0.5126505,0.1074999,False,0,1
2026-03-11,10672,L:Present R:absent,183,9,3,1,4.523825,5.210587,0.6867614,0.1074999,True,0,0
2026-03-11,10672,L:Present R:absent,183,9,3,1,5.555472,6.172808,0.6173363,0.1184999,True,1,1
2026-03-11,10672,L:Present R:absent,183,9,3,1,6.610018,7.109026,0.4990082,0.1184999,True,1,1
2026-03-11,10672,L:Present R:absent,184,9,4,1,2.265672,3.016606,0.7509341,0.1074999,True,1,1
2026-03-11,10672,L:Present R:absent,184,9,4,1,3.324388,3.874735,0.5503469,0.1074999,False,0,1
2026-03-11,10672,L:Present R:absent,184,9,4,1,4.363447,4.949967,0.5865207,0.09649991,False,0,1
2026-03-11,10672,L:Present R:absent,184,9,4,1,5.410961,5.928005,0.5170441,0.09649991,True,0,0
2026-03-11,10672,L:Present R:absent,184,9,4,1,6.446609,7.075972,0.6293631,0.1074999,False,1,0
2026-03-11,10672,L:Present R:absent,185,9,5,1,2.368102,2.99697,0.6288683,0.1184999,False,0,1
2026-03-11,10672,L:Present R:absent,185,9,5,1,3.430568,4.046769,0.6162007,0.1184999,True,0,0
2026-03-11,10672,L:Present R:absent,185,9,5,1,4.462178,5.008955,0.5467768,0.1294999,False,0,1
2026-03-11,10672,L:Present R:absent,185,9,5,1,5.519082,5.994807,0.4757257,0.1294999,True,0,0
2026-03-11,10672,L:Present R:absent,185,9,5,1,6.553173,7.193902,0.6407294,0.1404999,True,0,0
2026-03-11,10672,L:Present R:absent,186,9,6,1,1.920707,2.416182,0.4954741,0.1514999,False,0,1
2026-03-11,10672,L:Present R:absent,186,9,6,1,2.957749,3.355404,0.3976555,0.1514999,True,0,0
2026-03-11,10672,L:Present R:absent,186,9,6,1,3.997094,4.473025,0.4759312,0.1624999,True,1,1
2026-03-11,10672,L:Present R:absent,186,9,6,1,5.033544,5.57852,0.5449758,0.1624999,True,1,1
2026-03-11,10672,L:Present R:absent,186,9,6,1,6.087964,6.639215,0.5512505,0.1514999,False,0,1
2026-03-11,10672,L:Present R:absent,187,9,7,1,2.224561,2.870732,0.6461709,0.1514999,True,1,1
2026-03-11,10672,L:Present R:absent,187,9,7,1,3.264204,3.811897,0.5476933,0.1404999,True,1,1
2026-03-11,10672,L:Present R:absent,187,9,7,1,4.308098,4.808805,0.5007076,0.1404999,False,0,1
2026-03-11,10672,L:Present R:absent,187,9,7,1,5.345479,5.857386,0.5119066,0.1294999,False,0,1
2026-03-11,10672,L:Present R:absent,187,9,7,1,6.454047,7.063307,0.6092596,0.1294999,False,0,1
2026-03-11,10672,L:Present R:absent,188,9,8,1,2.565796,3.181583,0.6157875,0.1184999,True,0,0
2026-03-11,10672,L:Present R:absent,188,9,8,1,3.616814,4.298284,0.6814699,0.1294999,False,1,0
2026-03-11,10672,L:Present R:absent,188,9,8,1,4.657602,5.191031,0.5334291,0.1404999,True,1,1
2026-03-11,10672,L:Present R:absent,188,9,8,1,5.976942,6.568988,0.5920467,0.1404999,False,0,1
2026-03-11,10672,L:Present R:absent,189,9,9,1,1.917097,2.494732,0.5776355,0.1294999,False,0,1
2026-03-11,10672,L:Present R:absent,189,9,9,1,2.959058,3.35773,0.3986723,0.1294999,True,0,0
2026-03-11,10672,L:Present R:absent,189,9,9,1,3.986874,4.366225,0.3793504,0.1404999,True,0,0
2026-03-11,10672,L:Present R:absent,189,9,9,1,5.038787,5.534745,0.4959579,0.1514999,True,1,1
2026-03-11,10672,L:Present R:absent,189,9,9,1,6.325213,6.895214,0.5700011,0.1514999,False,0,1
2026-03-11,10672,L:Present R:absent,190,9,10,1,2.280963,2.807014,0.5260503,0.1404999,False,0,1
2026-03-11,10672,L:Present R:absent,190,9,10,1,3.307443,3.71824,0.4107971,0.1404999,True,0,0
2026-03-11,10672,L:Present R:absent,190,9,10,1,4.355505,4.852929,0.4974236,0.1514999,False,0,1
2026-03-11,10672,L:Present R:absent,190,9,10,1,5.403088,5.911436,0.5083475,0.1514999,False,0,1
2026-03-11,10672,L:Present R:absent,190,9,10,1,6.45921,7.049174,0.5899634,0.1404999,True,0,0
2026-03-11,10672,L:Present R:absent,191,9,11,1,3.059339,3.729308,0.6699691,0.1514999,True,1,1
2026-03-11,10672,L:Present R:absent,191,9,11,1,4.11281,4.649302,0.5364919,0.1514999,False,0,1
2026-03-11,10672,L:Present R:absent,191,9,11,1,5.15239,5.686618,0.5342274,0.1404999,True,0,0
2026-03-11,10672,L:Present R:absent,191,9,11,1,6.318544,6.810366,0.4918213,0.1514999,True,1,1
2026-03-11,10672,L:Present R:absent,192,9,12,1,3.007355,3.471176,0.4638212,0.1514999,True,0,0
2026-03-11,10672,L:Present R:absent,192,9,12,1,4.039462,4.637989,0.598527,0.1624999,False,0,1
2026-03-11,10672,L:Present R:absent,192,9,12,1,5.072395,5.63689,0.5644946,0.1624999,True,1,1
2026-03-11,10672,L:Present R:absent,192,9,12,1,6.114556,6.786446,0.6718898,0.1514999,False,0,1
2026-03-11,10672,L:Present R:absent,193,9,13,1,3.098933,3.708703,0.6097693,0.1514999,False,0,1
2026-03-11,10672,L:Present R:absent,193,9,13,1,4.160646,4.681606,0.5209594,0.1404999,False,0,1
2026-03-11,10672,L:Present R:absent,193,9,13,1,5.189813,5.854161,0.6643481,0.1404999,False,0,1
2026-03-11,10672,L:Present R:absent,193,9,13,1,6.234709,6.823562,0.5888529,0.1294999,False,0,1
2026-03-11,10672,L:Present R:absent,194,9,14,1,1.968151,2.613116,0.6449645,0.1294999,False,0,1
2026-03-11,10672,L:Present R:absent,194,9,14,1,3.012397,3.563888,0.5514903,0.1184999,False,0,1
2026-03-11,10672,L:Present R:absent,194,9,14,1,4.05417,4.659678,0.6055083,0.1184999,False,0,1
2026-03-11,10672,L:Present R:absent,194,9,14,1,5.078225,5.843183,0.7649574,0.1074999,True,0,0
2026-03-11,10672,L:Present R:absent,194,9,14,1,6.10245,6.813432,0.7109818,0.1184999,True,0,0
2026-03-11,10672,L:Present R:absent,195,9,15,1,2.427396,3.239774,0.8123777,0.1294999,True,1,1
2026-03-11,10672,L:Present R:absent,195,9,15,1,3.466535,3.489211,0.02267551,0.1294999,True,1,1
2026-03-11,10672,L:Present R:absent,195,9,15,1,4.500374,5.095194,0.5948205,0.1184999,False,0,1
2026-03-11,10672,L:Present R:absent,195,9,15,1,5.541434,6.163332,0.6218977,0.1184999,False,0,1
2026-03-11,10672,L:Present R:absent,195,9,15,1,6.594677,7.068885,0.4742079,0.1074999,True,1,1
2026-03-11,10672,L:Present R:absent,196,9,16,1,3.222869,3.70081,0.4779408,0.1074999,True,0,0
2026-03-11,10672,L:Present R:absent,196,9,16,1,4.246544,5.058887,0.8123422,0.1184999,False,0,1
2026-03-11,10672,L:Present R:absent,196,9,16,1,5.303476,6.016072,0.7125955,0.1184999,True,1,1
2026-03-11,10672,L:Present R:absent,196,9,16,1,6.340819,6.360589,0.01977015,0.1074999,True,1,1
2026-03-11,10672,L:Present R:absent,197,9,17,1,2.274941,2.883466,0.6085258,0.1074999,False,0,1
2026-03-11,10672,L:Present R:absent,197,9,17,1,3.304478,3.770909,0.4664304,0.09649991,True,0,0
2026-03-11,10672,L:Present R:absent,197,9,17,1,5.381084,5.857204,0.47612,0.1074999,True,0,0
2026-03-11,10672,L:Present R:absent,197,9,17,1,6.42585,6.984052,0.5582023,0.1184999,True,0,0
2026-03-11,10672,L:Present R:absent,198,9,18,1,2.256352,2.924902,0.6685505,0.1294999,True,1,1
2026-03-11,10672,L:Present R:absent,198,9,18,1,3.296194,3.839107,0.542913,0.1294999,True,0,0
2026-03-11,10672,L:Present R:absent,198,9,18,1,4.324247,5.003392,0.6791449,0.1404999,True,0,0
2026-03-11,10672,L:Present R:absent,198,9,18,1,5.372799,5.95464,0.581841,0.1514999,True,1,1
2026-03-11,10672,L:Present R:absent,198,9,18,1,6.528331,7.141716,0.6133847,0.1514999,True,1,1
2026-03-11,10672,L:Present R:absent,199,9,19,1,4.023066,4.610021,0.5869555,0.1404999,True,1,1
2026-03-11,10672,L:Present R:absent,199,9,19,1,5.067033,5.724018,0.6569848,0.1404999,True,1,1
2026-03-11,10672,L:Present R:absent,199,9,19,1,6.109384,6.636554,0.5271697,0.1294999,True,1,1
2026-03-11,10672,L:Present R:absent,200,10,0,1,2.33243,2.933508,0.6010776,0.1294999,True,1,1
2026-03-11,10672,L:Present R:absent,200,10,0,1,3.379867,3.947455,0.5675881,0.1184999,False,0,1
2026-03-11,10672,L:Present R:absent,200,10,0,1,4.431923,5.010969,0.5790458,0.1184999,True,1,1
2026-03-11,10672,L:Present R:absent,200,10,0,1,5.48414,6.051783,0.5676427,0.1074999,True,1,1
2026-03-11,10672,L:Present R:absent,200,10,0,1,6.529117,6.992155,0.463038,0.1074999,False,0,1
2026-03-11,10672,L:Present R:absent,201,10,1,1,2.792962,3.345846,0.5528846,0.09649991,True,0,0
2026-03-11,10672,L:Present R:absent,201,10,1,1,3.843178,4.441009,0.5978308,0.1074999,True,1,1
2026-03-11,10672,L:Present R:absent,201,10,1,1,4.89229,5.505675,0.6133857,0.1074999,False,1,0
2026-03-11,10672,L:Present R:absent,201,10,1,1,5.940613,6.517183,0.57657,0.1184999,False,0,1
2026-03-11,10672,L:Present R:absent,202,10,2,1,1.997902,2.571392,0.5734907,0.1184999,False,0,1
2026-03-11,10672,L:Present R:absent,202,10,2,1,3.032278,3.636074,0.6037958,0.1074999,False,0,1
2026-03-11,10672,L:Present R:absent,202,10,2,1,4.070798,4.501609,0.4308105,0.1074999,False,0,1
2026-03-11,10672,L:Present R:absent,202,10,2,1,5.112445,5.541732,0.429287,0.09649991,True,0,0
2026-03-11,10672,L:Present R:absent,202,10,2,1,6.246614,6.64819,0.4015765,0.1074999,False,0,1
2026-03-11,10672,L:Present R:absent,203,10,3,1,2.346935,2.918043,0.5711086,0.1074999,True,0,0
2026-03-11,10672,L:Present R:absent,203,10,3,1,3.393351,3.866851,0.4735003,0.1184999,True,1,1
2026-03-11,10672,L:Present R:absent,203,10,3,1,4.427642,4.930987,0.503345,0.1184999,True,0,0
2026-03-11,10672,L:Present R:absent,203,10,3,1,5.521401,6.110826,0.5894246,0.1294999,True,0,0
2026-03-11,10672,L:Present R:absent,203,10,3,1,6.706123,7.284096,0.5779729,0.1404999,True,1,1
2026-03-11,10672,L:Present R:absent,204,10,4,1,2.003149,2.540934,0.5377851,0.1404999,True,0,0
2026-03-11,10672,L:Present R:absent,204,10,4,1,3.042267,3.061489,0.0192225,0.1514999,True,1,1
2026-03-11,10672,L:Present R:absent,204,10,4,1,4.082189,4.653016,0.5708265,0.1514999,False,0,1
2026-03-11,10672,L:Present R:absent,204,10,4,1,5.133029,5.729484,0.5964551,0.1404999,True,1,1
2026-03-11,10672,L:Present R:absent,204,10,4,1,6.170271,6.729053,0.5587821,0.1404999,True,1,1
2026-03-11,10672,L:Present R:absent,205,10,5,1,2.703986,3.197771,0.4937847,0.1294999,False,1,0
2026-03-11,10672,L:Present R:absent,205,10,5,1,3.74036,4.256702,0.5163426,0.1404999,True,1,1
2026-03-11,10672,L:Present R:absent,205,10,5,1,4.784517,5.346484,0.5619664,0.1404999,False,0,1
2026-03-11,10672,L:Present R:absent,205,10,5,1,5.828333,6.431278,0.6029449,0.1294999,False,0,1
2026-03-11,10672,L:Present R:absent,206,10,6,1,2.324972,3.066847,0.7418752,0.1294999,False,0,1
2026-03-11,10672,L:Present R:absent,206,10,6,1,3.359856,4.112935,0.7530787,0.1184999,True,0,0
2026-03-11,10672,L:Present R:absent,206,10,6,1,4.399834,5.047153,0.6473193,0.1294999,True,1,1
2026-03-11,10672,L:Present R:absent,206,10,6,1,5.438407,5.953203,0.5147963,0.1294999,True,1,1
2026-03-11,10672,L:Present R:absent,206,10,6,1,6.497206,7.019866,0.5226603,0.1184999,False,0,1
2026-03-11,10672,L:Present R:absent,207,10,7,1,1.652126,2.254281,0.602155,0.1184999,False,0,1
2026-03-11,10672,L:Present R:absent,207,10,7,1,2.690964,3.118739,0.4277747,0.1074999,False,0,1
2026-03-11,10672,L:Present R:absent,207,10,7,1,3.725692,4.183146,0.457454,0.1074999,False,0,1
2026-03-11,10672,L:Present R:absent,207,10,7,1,4.783143,5.249938,0.4667954,0.09649991,True,0,0
2026-03-11,10672,L:Present R:absent,207,10,7,1,5.851191,6.385069,0.5338788,0.1074999,True,1,1
2026-03-11,10672,L:Present R:absent,208,10,8,1,3.094581,3.683874,0.5892925,0.1074999,True,0,0
2026-03-11,10672,L:Present R:absent,208,10,8,1,4.156462,4.815224,0.658762,0.1184999,True,0,0
2026-03-11,10672,L:Present R:absent,208,10,8,1,5.203188,5.783053,0.579865,0.1294999,False,0,1
2026-03-11,10672,L:Present R:absent,208,10,8,1,6.412951,6.946636,0.5336852,0.1294999,False,0,1
2026-03-11,10672,L:Present R:absent,209,10,9,1,2.454947,3.097998,0.6430504,0.1184999,False,0,1
2026-03-11,10672,L:Present R:absent,209,10,9,1,3.502653,4.107292,0.6046388,0.1184999,True,0,0
2026-03-11,10672,L:Present R:absent,209,10,9,1,4.542089,5.11346,0.5713711,0.1294999,True,1,1
2026-03-11,10672,L:Present R:absent,209,10,9,1,5.589207,6.170963,0.5817561,0.1294999,False,0,1
2026-03-11,10672,L:Present R:absent,210,10,10,1,2.340973,3.003679,0.6627059,0.1184999,True,0,0
2026-03-11,10672,L:Present R:absent,210,10,10,1,4.426364,4.846235,0.4198709,0.1294999,False,0,1
2026-03-11,10672,L:Present R:absent,210,10,10,1,5.467824,5.854132,0.3863072,0.1294999,False,0,1
2026-03-11,10672,L:Present R:absent,210,10,10,1,6.555686,7.048773,0.4930868,0.1184999,True,0,0
2026-03-11,10672,L:Present R:absent,211,10,11,1,2.317382,2.772506,0.4551239,0.1294999,False,0,1
2026-03-11,10672,L:Present R:absent,211,10,11,1,3.357751,3.814124,0.4563732,0.1294999,False,0,1
2026-03-11,10672,L:Present R:absent,211,10,11,1,4.402359,4.825715,0.4233556,0.1184999,False,0,1
2026-03-11,10672,L:Present R:absent,211,10,11,1,5.435977,5.993246,0.5572686,0.1184999,False,0,1
2026-03-11,10672,L:Present R:absent,211,10,11,1,6.4768,6.974468,0.4976678,0.1074999,False,0,1
2026-03-11,10672,L:Present R:absent,212,10,12,1,2.689465,3.174849,0.485384,0.1074999,True,0,0
2026-03-11,10672,L:Present R:absent,212,10,12,1,3.730047,4.160465,0.430418,0.1184999,False,0,1
2026-03-11,10672,L:Present R:absent,212,10,12,1,4.761471,5.24726,0.4857883,0.1184999,False,0,1
2026-03-11,10672,L:Present R:absent,213,10,13,1,2.553221,3.055223,0.502002,0.1074999,False,0,1
2026-03-11,10672,L:Present R:absent,213,10,13,1,3.595208,4.208561,0.6133533,0.1074999,True,0,0
2026-03-11,10672,L:Present R:absent,213,10,13,1,4.648012,5.159751,0.5117393,0.1184999,False,0,1
2026-03-11,10672,L:Present R:absent,213,10,13,1,5.878606,6.361082,0.4824758,0.1184999,False,0,1
2026-03-11,10672,L:Present R:absent,214,10,14,1,2.732292,3.115673,0.3833802,0.1074999,True,0,0
2026-03-11,10672,L:Present R:absent,214,10,14,1,3.76501,4.145229,0.3802185,0.1184999,False,0,1
2026-03-11,10672,L:Present R:absent,214,10,14,1,4.798002,5.207308,0.409306,0.1184999,False,0,1
2026-03-11,10672,L:Present R:absent,214,10,14,1,5.837982,6.23567,0.3976874,0.1074999,True,0,0
2026-03-11,10672,L:Present R:absent,215,10,15,1,2.389166,3.013353,0.624187,0.1184999,False,0,1
2026-03-11,10672,L:Present R:absent,215,10,15,1,3.431132,3.936977,0.5058453,0.1184999,False,0,1
2026-03-11,10672,L:Present R:absent,215,10,15,1,4.484311,4.917233,0.4329228,0.1074999,True,0,0
2026-03-11,10672,L:Present R:absent,215,10,15,1,5.524324,5.995975,0.4716506,0.1184999,False,0,1
2026-03-11,10672,L:Present R:absent,215,10,15,1,6.559784,7.140805,0.5810208,0.1184999,False,0,1
2026-03-11,10672,L:Present R:absent,216,10,16,1,2.394978,2.949656,0.5546775,0.1074999,True,0,0
2026-03-11,10672,L:Present R:absent,216,10,16,1,3.442621,3.988732,0.5461106,0.1184999,True,1,1
2026-03-11,10672,L:Present R:absent,216,10,16,1,4.4844,5.084298,0.5998983,0.1184999,False,0,1
2026-03-11,10672,L:Present R:absent,216,10,16,1,5.522129,6.073471,0.5513415,0.1074999,False,0,1
2026-03-11,10672,L:Present R:absent,216,10,16,1,6.556019,7.167762,0.611743,0.1074999,True,1,1
2026-03-11,10672,L:Present R:absent,217,10,17,1,2.382832,2.916166,0.5333333,0.09649991,False,0,1
2026-03-11,10672,L:Present R:absent,217,10,17,1,3.426924,3.933022,0.5060987,0.09649991,True,0,0
2026-03-11,10672,L:Present R:absent,217,10,17,1,4.465978,4.97219,0.5062118,0.1074999,False,0,1
2026-03-11,10672,L:Present R:absent,217,10,17,1,5.509415,6.019467,0.5100527,0.1074999,True,0,0
2026-03-11,10672,L:Present R:absent,217,10,17,1,6.550268,7.164136,0.6138682,0.1184999,True,1,1
2026-03-11,10672,L:Present R:absent,218,10,18,1,2.530269,3.192559,0.6622891,0.1184999,False,0,1
2026-03-11,10672,L:Present R:absent,218,10,18,1,3.588377,4.092025,0.503648,0.1074999,False,0,1
2026-03-11,10672,L:Present R:absent,218,10,18,1,4.63118,5.243988,0.6128082,0.1074999,True,0,0
2026-03-11,10672,L:Present R:absent,218,10,18,1,5.678315,6.392307,0.7139926,0.1184999,False,0,1
2026-03-11,10672,L:Present R:absent,218,10,18,1,6.727023,7.286832,0.5598097,0.1184999,True,1,1
2026-03-11,10672,L:Present R:absent,219,10,19,1,2.45044,3.001999,0.551559,0.1074999,False,0,1
2026-03-11,10672,L:Present R:absent,219,10,19,1,3.498074,4.052903,0.5548284,0.1074999,False,0,1
2026-03-11,10672,L:Present R:absent,219,10,19,1,4.527486,5.064497,0.5370102,0.09649991,True,0,0
2026-03-11,10672,L:Present R:absent,219,10,19,1,5.570561,6.159395,0.5888333,0.1074999,False,0,1
2026-03-11,10672,L:Present R:absent,219,10,19,1,6.62793,7.156379,0.5284486,0.1074999,False,0,1
